product,qty,uom,serial,Owner,# FPAQ,product,tare,genre,etat,date_classement,Proprio,DB
G45,1,,W99879,maple.P0061,1075,G45,45,G,L,41053,maple.P0061,FAUX
G45,1,,W99825,maple.P0042,9954,G45,45,G,L,41382,maple.P0042,FAUX
G45,1,,W99811,maple.P0061,1075,G45,45,G,L,41053,maple.P0061,FAUX
G45,1,,W9971,maple.P0134,134,G45,45,G,O,41018,maple.P0134,FAUX
G45,1,,W9970,maple.P0134,134,G45,45,G,O,41426,maple.P0134,FAUX
G45,1,,W9946,maple.P0134,134,G45,45,G,O,41426,maple.P0134,FAUX
G45,1,,W9945,maple.P0134,134,G45,45,G,O,41018,maple.P0134,FAUX
G45,1,,W9944,maple.P0134,134,G45,45,G,O,41426,maple.P0134,FAUX
G45,1,,W9943,maple.P0134,134,G45,45,G,O,41426,maple.P0134,FAUX
G45,1,,W9942,maple.P0134,134,G45,45,G,O,41426,maple.P0134,FAUX
G45,1,,W9941,maple.P0134,134,G45,45,G,O,41018,maple.P0134,FAUX
G45,1,,W9940,maple.P0134,134,G45,45,G,O,41426,maple.P0134,FAUX
G45,1,,W9939,maple.P0134,134,G45,45,G,O,41018,maple.P0134,FAUX
G45,1,,W9938,maple.P0134,134,G45,45,G,O,41426,maple.P0134,FAUX
G45,1,,W9937,maple.P0134,134,G45,45,G,O,41426,maple.P0134,FAUX
G45,1,,W9936,maple.P0134,134,G45,45,G,O,41018,maple.P0134,FAUX
G45,1,,W9934,maple.P0134,134,G45,45,G,O,41426,maple.P0134,FAUX
G45,1,,W9933,maple.partner_lbmtreat_hq,7953,G45,45,G,L,41390,maple.partner_lbmtreat_hq,FAUX
G45,1,,W9932,maple.P0134,134,G45,45,G,O,41426,maple.P0134,FAUX
G45,1,,W9928,maple.P0134,134,G45,45,G,O,41018,maple.P0134,FAUX
G45,1,,W9927,maple.P0134,134,G45,45,G,O,41018,maple.P0134,FAUX
G45,1,,W9926,maple.P0134,134,G45,45,G,O,41426,maple.P0134,FAUX
G45,1,,W99250,maple.P0134,134,G45,45,G,O,41018,maple.P0134,FAUX
G45,1,,W99249,maple.P0134,134,G45,45,G,O,41426,maple.P0134,FAUX
G45,1,,W99248,base.main_partner,10629,G45,45,G,L,41022,base.main_partner,FAUX
G45,1,,W99247,maple.P0134,134,G45,45,G,O,41426,maple.P0134,FAUX
G45,1,,W99245,maple.P0134,134,G45,45,G,O,41426,maple.P0134,FAUX
G45,1,,W99243,maple.P0134,134,G45,45,G,O,41426,maple.P0134,FAUX
G45,1,,W99242,maple.P0134,134,G45,45,G,O,41426,maple.P0134,FAUX
G45,1,,W99241,maple.P0134,134,G45,45,G,O,41018,maple.P0134,FAUX
G45,1,,W99240,maple.P0134,134,G45,45,G,O,41426,maple.P0134,FAUX
G45,1,,W99235,maple.P0134,134,G45,45,G,O,41426,maple.P0134,FAUX
G45,1,,W9922,maple.P0134,134,G45,45,G,O,41426,maple.P0134,FAUX
G45,1,,W9921,maple.P0134,134,G45,45,G,O,41018,maple.P0134,FAUX
G45,1,,W99181,maple.P0134,134,G45,45,G,O,41025,maple.P0134,FAUX
G45,1,,W99180,maple.P0134,134,G45,45,G,O,41018,maple.P0134,FAUX
G45,1,,W99179,maple.P0134,134,G45,45,G,O,41426,maple.P0134,FAUX
G45,1,,W99178,maple.P0134,134,G45,45,G,O,41426,maple.P0134,FAUX
G45,1,,W99177,maple.P0134,134,G45,45,G,O,41018,maple.P0134,FAUX
G45,1,,W99170,maple.P0134,134,G45,45,G,O,41018,maple.P0134,FAUX
G45,1,,W99167,maple.P0134,134,G45,45,G,O,41426,maple.P0134,FAUX
G45,1,,W9916,maple.P0134,134,G45,45,G,O,41426,maple.P0134,FAUX
G45,1,,W99112,maple.P0134,134,G45,45,G,O,41426,maple.P0134,FAUX
G45,1,,W99111,maple.P0134,134,G45,45,G,O,41426,maple.P0134,FAUX
G45,1,,W99110,maple.P0134,134,G45,45,G,O,41018,maple.P0134,FAUX
G45,1,,W99105,maple.P0134,134,G45,45,G,O,41426,maple.P0134,FAUX
G44,1,,W9857,maple.P0089,12066,G44,44,G,O,41422,maple.P0089,FAUX
G44,1,,W9842,maple.P0066,4064,G44,44,G,B,41066,maple.P0066,FAUX
G44,1,,W9837,maple.P0066,4064,G44,44,G,L,41067,maple.P0066,FAUX
G44,1,,W9829,maple.P0089,12066,G44,44,G,B,41422,maple.P0089,FAUX
G44,1,,W9793,maple.P0137,15668,G44,44,G,L,41015,maple.P0137,FAUX
G44,1,,W9792,maple.P0137,15668,G44,44,G,B,41061,maple.P0137,FAUX
G44,1,,W9790,maple.P0137,15668,G44,44,G,L,41061,maple.P0137,FAUX
G44,1,,W9789,maple.P0035,18715,G44,44,G,B,41029,maple.P0035,FAUX
G44,1,,W9788,maple.P0035,18715,G44,44,G,L,41029,maple.P0035,FAUX
G44,1,,W9785,maple.P0035,18715,G44,44,G,L,41029,maple.P0035,FAUX
G44,1,,W9783,maple.P0035,18715,G44,44,G,L,41380,maple.P0035,FAUX
G44,1,,W9782,maple.P0137,15668,G44,44,G,L,41380,maple.P0137,FAUX
G44,1,,W9781,maple.P0137,15668,G44,44,G,L,41015,maple.P0137,FAUX
G44,1,,W9780,maple.P0137,15668,G44,44,G,O,41425,maple.P0137,FAUX
G44,1,,W9778,maple.P0137,15668,G44,44,G,B,41003,maple.P0137,FAUX
G44,1,,W9777,maple.P0035,18715,G44,44,G,B,41029,maple.P0035,FAUX
G44,1,,W9776,maple.P0035,18715,G44,44,G,L,41029,maple.P0035,FAUX
G44,1,,W9775,maple.P0137,15668,G44,44,G,L,41380,maple.P0137,FAUX
G44,1,,W9774,maple.P0137,15668,G44,44,G,L,41015,maple.P0137,FAUX
G44,1,,W9770,maple.P0137,15668,G44,44,G,L,41373,maple.P0137,FAUX
P44,1,,W9764,maple.P0035,18715,P44,44,P,O,41442,maple.P0035,FAUX
G44,1,,W9763,maple.P0137,15668,G44,44,G,L,41015,maple.P0137,FAUX
G44,1,,W9757,maple.P0137,15668,G44,44,G,L,41015,maple.P0137,FAUX
G44,1,,W9754,maple.P0137,15668,G44,44,G,L,41015,maple.P0137,FAUX
G44,1,,W9753,maple.P0066,4064,G44,44,G,L,41067,maple.P0066,FAUX
G44,1,,W9752,maple.P0137,15668,G44,44,G,B,41003,maple.P0137,FAUX
G44,1,,W9751,maple.P0137,15668,G44,44,G,B,41003,maple.P0137,FAUX
G44,1,,W9750,maple.P0035,18715,G44,44,G,L,41029,maple.P0035,FAUX
G44,1,,W9749,maple.P0137,15668,G44,44,G,L,41380,maple.P0137,FAUX
G44,1,,W9746,maple.P0137,15668,G44,44,G,B,41061,maple.P0137,FAUX
G44,1,,W9744,maple.P0137,15668,G44,44,G,L,41015,maple.P0137,FAUX
G44,1,,W97357,maple.P0137,15668,G44,44,G,L,41015,maple.P0137,FAUX
G44,1,,W97340,maple.P0089,12066,G44,44,G,O,41422,maple.P0089,FAUX
G44,1,,W97337,base.main_partner,10629,G44,44,G,B,41022,base.main_partner,FAUX
G44,1,,W97329,base.main_partner,16871,G44,44,G,L,41036,base.main_partner,FAUX
G44,1,,W97320,maple.P0069,3919,G44,44,G,L,41374,maple.P0069,FAUX
G44,1,,W97299,base.main_partner,9279,G44,44,G,B,41047,base.main_partner,FAUX
G44,1,,W97285,maple.P0059,13934,G44,44,G,L,41401,maple.P0059,FAUX
G44,1,,W97284,base.main_partner,151,G44,44,G,O,41018,base.main_partner,FAUX
G44,1,,W97283,maple.P0069,3919,G44,44,G,L,41410,maple.P0069,FAUX
G44,1,,W97282,maple.P0107,4077,G44,44,G,L,41052,maple.P0107,FAUX
G44,1,,W97281,maple.P0069,3919,G44,44,G,L,41058,maple.P0069,FAUX
G44,1,,W97279,maple.P0070,8487,G44,44,G,B,41047,maple.P0070,FAUX
G44,1,,W97278,maple.P0107,4077,G44,44,G,B,41052,maple.P0107,FAUX
G44,1,,W97277,maple.P0107,4077,G44,44,G,L,41052,maple.P0107,FAUX
G44,1,,W97276,maple.P0107,4077,G44,44,G,B,41052,maple.P0107,FAUX
G44,1,,W97272,maple.P0069,3919,G44,44,G,L,41023,maple.P0069,FAUX
G44,1,,W97271,maple.P0069,3919,G44,44,G,T,41058,maple.P0069,FAUX
G44,1,,W97264,maple.P0069,3919,G44,44,G,L,41058,maple.P0069,FAUX
G44,1,,W97247,maple.P0022,12725,G44,44,G,B,41009,maple.P0022,FAUX
G44,1,,W97245,maple.P0022,12725,G44,44,G,B,41009,maple.P0022,FAUX
G44,1,,W97241,maple.P0022,12725,G44,44,G,L,41381,maple.P0022,FAUX
G44,1,,W97240,maple.P0107,4077,G44,44,G,B,41052,maple.P0107,FAUX
G44,1,,W97233,maple.P0101,16964,G44,44,G,B,41051,maple.P0101,FAUX
G44,1,,W97232,maple.P0107,4077,G44,44,G,B,41052,maple.P0107,FAUX
G44,1,,W97230,maple.P0059,13934,G44,44,G,L,41388,maple.P0059,FAUX
G44,1,,W97229,maple.P0022,12725,G44,44,G,B,41009,maple.P0022,FAUX
G44,1,,W97227,maple.P0023,9279,G44,44,G,B,41024,maple.P0023,FAUX
G44,1,,W97226,maple.P0022,12725,G44,44,G,B,41009,maple.P0022,FAUX
G44,1,,W97222,maple.P0112,10881,G44,44,G,B,41059,maple.P0112,FAUX
G44,1,,W97221,maple.P0023,9279,G44,44,G,B,41024,maple.P0023,FAUX
G44,1,,W97220,maple.P0034,12960,G44,44,G,L,41029,maple.P0034,FAUX
G44,1,,W97217,base.main_partner,10629,G44,44,G,B,41022,base.main_partner,FAUX
G44,1,,W97213,maple.P0084,15348,G44,44,G,L,41039,maple.P0084,FAUX
G44,1,,W97212,maple.P0107,4077,G44,44,G,B,41052,maple.P0107,FAUX
G44,1,,W97207,maple.P0069,3919,G44,44,G,B,41005,maple.P0069,FAUX
G44,1,,W97200,maple.P0059,13934,G44,44,G,L,41401,maple.P0059,FAUX
G44,1,,W97199,maple.partner_lbmtreat_hq,12066,G44,44,G,B,41043,maple.partner_lbmtreat_hq,FAUX
G44,1,,W97198,maple.P0107,4077,G44,44,G,B,41052,maple.P0107,FAUX
G44,1,,W97196,maple.P0059,13934,G44,44,G,L,41388,maple.P0059,FAUX
G44,1,,W97192,maple.P0034,12960,G44,44,G,L,41029,maple.P0034,FAUX
G44,1,,W97191,maple.P0107,4077,G44,44,G,B,41052,maple.P0107,FAUX
G44,1,,W97178,maple.P0069,3919,G44,44,G,L,41058,maple.P0069,FAUX
G44,1,,W97177,maple.P0069,3919,G44,44,G,L,41058,maple.P0069,FAUX
G44,1,,W97175,maple.P0022,12725,G44,44,G,L,41009,maple.P0022,FAUX
G44,1,,W97150,maple.P0035,18715,G44,44,G,B,41029,maple.P0035,FAUX
G44,1,,W97145,maple.P0035,18715,G44,44,G,L,41029,maple.P0035,FAUX
G44,1,,W97144,maple.P0137,15668,G44,44,G,B,41061,maple.P0137,FAUX
G44,1,,W97143,maple.P0137,15668,G44,44,G,B,41015,maple.P0137,FAUX
G44,1,,W97142,maple.P0137,15668,G44,44,G,B,41061,maple.P0137,FAUX
G44,1,,W97139,maple.P0137,15668,G44,44,G,B,41061,maple.P0137,FAUX
G44,1,,W97138,maple.P0137,15668,G44,44,G,B,41061,maple.P0137,FAUX
G44,1,,W97136,maple.P0137,15668,G44,44,G,B,41015,maple.P0137,FAUX
G44,1,,W97135,maple.P0069,3919,G44,44,G,L,41023,maple.P0069,FAUX
G44,1,,W97133,maple.P0035,18715,G44,44,G,B,41029,maple.P0035,FAUX
G44,1,,W97132,maple.P0137,15668,G44,44,G,B,41015,maple.P0137,FAUX
G44,1,,W97123,maple.P0137,15668,G44,44,G,L,41015,maple.P0137,FAUX
G44,1,,W97121,base.main_partner,16961,G44,44,G,B,41037,base.main_partner,FAUX
G44,1,,W97119,maple.P0069,3919,G44,44,G,L,41388,maple.P0069,FAUX
G44,1,,W97118,maple.P0137,15668,G44,44,G,L,41015,maple.P0137,FAUX
G44,1,,W97115,maple.P0137,15668,G44,44,G,L,41061,maple.P0137,FAUX
G44,1,,W97114,maple.P0137,15668,G44,44,G,T,41061,maple.P0137,FAUX
G44,1,,W97112,maple.P0069,3919,G44,44,G,L,41023,maple.P0069,FAUX
G44,1,,W97111,maple.P0035,18715,G44,44,G,L,41029,maple.P0035,FAUX
G44,1,,W97110,maple.P0035,18715,G44,44,G,L,41380,maple.P0035,FAUX
G44,1,,W97106,maple.P0035,18715,G44,44,G,L,41425,maple.P0035,FAUX
G44,1,,W97105,maple.P0035,18715,G44,44,G,L,41029,maple.P0035,FAUX
G44,1,,W97102,maple.P0137,15668,G44,44,G,L,41061,maple.P0137,FAUX
G44,1,,W97101,maple.P0137,15668,G44,44,G,L,41380,maple.P0137,FAUX
G44,1,,W97100,maple.P0137,15668,G44,44,G,B,41061,maple.P0137,FAUX
G44,1,,W97094,maple.P0101,16964,G44,44,G,L,41053,maple.P0101,FAUX
G44,1,,W97093,maple.P0066,4064,G44,44,G,L,41067,maple.P0066,FAUX
G44,1,,W97091,maple.P0069,3919,G44,44,G,L,41058,maple.P0069,FAUX
G44,1,,W97087,maple.P0069,3919,G44,44,G,L,41374,maple.P0069,FAUX
G44,1,,W97082,maple.P0069,3919,G44,44,G,L,41058,maple.P0069,FAUX
G44,1,,W97081,maple.P0069,3919,G44,44,G,B,41023,maple.P0069,FAUX
G44,1,,W97049,maple.P0069,3919,G44,44,G,L,41058,maple.P0069,FAUX
G44,1,,W97042,maple.P0069,3919,G44,44,G,L,41058,maple.P0069,FAUX
G44,1,,W97041,maple.P0069,3919,G44,44,G,L,41410,maple.P0069,FAUX
G44,1,,W97040,maple.P0069,3919,G44,44,G,L,41058,maple.P0069,FAUX
G44,1,,W97038,maple.P0069,3919,G44,44,G,L,41058,maple.P0069,FAUX
G44,1,,W97036,maple.P0069,3919,G44,44,G,L,41058,maple.P0069,FAUX
G44,1,,W97020,maple.P0069,3919,G44,44,G,L,41388,maple.P0069,FAUX
G44,1,,W96996,maple.P0069,3919,G44,44,G,L,41410,maple.P0069,FAUX
G44,1,,W96940,maple.P0069,3919,G44,44,G,L,41005,maple.P0069,FAUX
G44,1,,W96934,maple.P0069,3919,G44,44,G,L,41058,maple.P0069,FAUX
G44,1,,W96931,maple.P0069,3919,G44,44,G,B,41005,maple.P0069,FAUX
G44,1,,W96928,maple.P0069,3919,G44,44,G,B,41023,maple.P0069,FAUX
G44,1,,W96912,maple.P0022,12725,G44,44,G,L,41009,maple.P0022,FAUX
G44,1,,W96848,maple.P0069,3919,G44,44,G,L,41058,maple.P0069,FAUX
G44,1,,W96840,maple.P0069,3919,G44,44,G,L,41058,maple.P0069,FAUX
G44,1,,W96804,maple.P0066,4064,G44,44,G,B,41068,maple.P0066,FAUX
G44,1,,W96801,maple.P0034,12960,G44,44,G,L,41029,maple.P0034,FAUX
G44,1,,W9679,maple.P0066,4064,G44,44,G,L,41066,maple.P0066,FAUX
G44,1,,W96776,maple.P0134,134,G44,44,G,O,41018,maple.P0134,FAUX
G44,1,,W96750,maple.P0014,18899,G44,44,G,L,41052,maple.P0014,FAUX
G44,1,,W96747,maple.P0014,18899,G44,44,G,L,41052,maple.P0014,FAUX
G44,1,,W96746,maple.P0014,18899,G44,44,G,L,41416,maple.P0014,FAUX
G44,1,,W96742,maple.P0014,18899,G44,44,G,B,41052,maple.P0014,FAUX
G44,1,,W96741,maple.P0014,18899,G44,44,G,L,41052,maple.P0014,FAUX
G44,1,,W96737,maple.P0092,11024,G44,44,G,L,41017,maple.P0092,FAUX
G44,1,,W96735,maple.P0014,18899,G44,44,G,L,41052,maple.P0014,FAUX
G44,1,,W96734,maple.P0014,18899,G44,44,G,L,41052,maple.P0014,FAUX
G44,1,,W96732,maple.P0014,18899,G44,44,G,L,41416,maple.P0014,FAUX
G44,1,,W96731,maple.P0014,18899,G44,44,G,O,41052,maple.P0014,FAUX
G44,1,,W96658,maple.P0069,3919,G44,44,G,L,41396,maple.P0069,FAUX
G44,1,,W96650,maple.P0069,3919,G44,44,G,L,41396,maple.P0069,FAUX
G44,1,,W96620,base.main_partner,13934,G44,44,G,L,41031,base.main_partner,FAUX
G44,1,,W966,N/D,14417,G44,44,G,L,41037,N/D,FAUX
G44,1,,W96560,maple.P0069,3919,G44,44,G,L,41058,maple.P0069,FAUX
G44,1,,W96559,maple.P0069,3919,G44,44,G,L,41058,maple.P0069,FAUX
G44,1,,W96555,base.main_partner,9954,G44,44,G,L,41382,base.main_partner,FAUX
G44,1,,W96511,maple.P0082,3889,G44,44,G,L,41061,maple.P0082,FAUX
G44,1,,W96384,maple.P0151,151,G44,44,G,O,41398,maple.P0151,FAUX
G44,1,,W96372,maple.P0151,151,G44,44,G,O,41365,maple.P0151,FAUX
G44,1,,W96367,maple.P0014,18899,G44,44,G,L,41052,maple.P0014,FAUX
G44,1,,W96361,maple.P0151,151,G44,44,G,O,41365,maple.P0151,FAUX
G44,1,,W96322,base.main_partner,151,G44,44,G,O,41018,base.main_partner,FAUX
G44,1,,W96313,base.main_partner,10629,G44,44,G,L,41022,base.main_partner,FAUX
G44,1,,W96199,maple.P0151,151,G44,44,G,O,41398,maple.P0151,FAUX
G44,1,,W9618,maple.P0092,11024,G44,44,G,T,41017,maple.P0092,FAUX
G44,1,,W96176,maple.P0035,18715,G44,44,G,L,41029,maple.P0035,FAUX
G44,1,,W96163,maple.P0092,11024,G44,44,G,L,41059,maple.P0092,FAUX
G44,1,,W9614,maple.P0176,19223,G44,44,G,L,41416,maple.P0176,FAUX
G44,1,,W96121,maple.P0176,19223,G44,44,G,L,41416,maple.P0176,FAUX
G44,1,,W95967,maple.P0069,3919,G44,44,G,L,41388,maple.P0069,FAUX
G44,1,,W95895,maple.P0132,15359,G44,44,G,L,41417,maple.P0132,FAUX
G44,1,,W95888,maple.P0069,3919,G44,44,G,L,41023,maple.P0069,FAUX
G44,1,,W95815,maple.partner_lbmtreat_hq,15668,G44,44,G,L,41015,maple.partner_lbmtreat_hq,FAUX
G44,1,,W95795,maple.P0066,4064,G44,44,G,L,41066,maple.P0066,FAUX
G44,1,,W95793,maple.P0097,9331,G44,44,G,L,41409,maple.P0097,FAUX
G44,1,,W9572,maple.P0151,151,G44,44,G,O,41398,maple.P0151,FAUX
G44,1,,W939,maple.P0014,18899,G44,44,G,L,41052,maple.P0014,FAUX
G44,1,,W9363,maple.P0151,151,G44,44,G,O,41398,maple.P0151,FAUX
G45,1,,W932789,maple.P0151,151,G45,45,G,O,41365,maple.P0151,FAUX
G45,1,,W932738,maple.P0061,1075,G45,45,G,L,41051,maple.P0061,FAUX
G45,1,,W932735,maple.P0061,1075,G45,45,G,L,41053,maple.P0061,FAUX
G45,1,,W932723,maple.P0061,1075,G45,45,G,L,41415,maple.P0061,FAUX
G45,1,,W932712,maple.P0061,1075,G45,45,G,L,41053,maple.P0061,FAUX
G45,1,,W932700,maple.P0084,15348,G45,45,G,L,41039,maple.P0084,FAUX
G45,1,,W932696,maple.P0084,15348,G45,45,G,L,41039,maple.P0084,FAUX
G45,1,,W932617,maple.P0061,1075,G45,45,G,L,41051,maple.P0061,FAUX
G45,1,,W932612,maple.P0084,15348,G45,45,G,L,41039,maple.P0084,FAUX
G45,1,,W932592,maple.P0061,1075,G45,45,G,L,41051,maple.P0061,FAUX
G45,1,,W932587,maple.P0084,15348,G45,45,G,L,41039,maple.P0084,FAUX
G45,1,,W932580,maple.P0089,12066,G45,45,G,O,41422,maple.P0089,FAUX
G45,1,,W932557,maple.P0061,1075,G45,45,G,L,41415,maple.P0061,FAUX
G45,1,,W932520,maple.P0066,4064,G45,45,G,B,41068,maple.P0066,FAUX
G45,1,,W932519,maple.P0066,4064,G45,45,G,L,41066,maple.P0066,FAUX
G45,1,,W932510,maple.P0066,4064,G45,45,G,L,41443,maple.P0066,FAUX
G45,1,,W932509,maple.P0066,4064,G45,45,G,L,41444,maple.P0066,FAUX
G44,1,,W932507,maple.P0092,11024,G44,44,G,B,41059,maple.P0092,FAUX
G45,1,,W932506,maple.P0066,4064,G45,45,G,L,41066,maple.P0066,FAUX
G45,1,,W932500,maple.P0066,4064,G45,45,G,L,41066,maple.P0066,FAUX
G45,1,,W932499,maple.P0066,4064,G45,45,G,B,41067,maple.P0066,FAUX
G45,1,,W932463,maple.P0066,4064,G45,45,G,L,41066,maple.P0066,FAUX
G45,1,,W932448,maple.P0066,4064,G45,45,G,L,41443,maple.P0066,FAUX
G45,1,,W932432,maple.P0092,11024,G45,45,G,L,41059,maple.P0092,FAUX
G45,1,,W932427,maple.P0066,4064,G45,45,G,L,41068,maple.P0066,FAUX
G45,1,,W932424,maple.P0092,11024,G45,45,G,L,41059,maple.P0092,FAUX
G45,1,,W932274,maple.P0066,4064,G45,45,G,L,41066,maple.P0066,FAUX
G44,1,,W911,base.main_partner,150,G44,44,G,O,41003,base.main_partner,FAUX
G41,1,,W9098,maple.P0084,15348,G41,41,G,L,41039,maple.P0084,FAUX
G44,1,,W908,maple.P0014,18899,G44,44,G,O,41052,maple.P0014,FAUX
G44,1,,W876,N/D,13964,G44,44,G,L,41031,N/D,FAUX
G44,1,,W873,maple.P0082,3889,G44,44,G,L,41026,maple.P0082,FAUX
G44,1,,W870,N/D,13964,G44,44,G,L,41031,N/D,FAUX
G44,1,,W869,maple.P0055,14302,G44,44,G,L,41394,maple.P0055,FAUX
G44,1,,W861,maple.P0066,4064,G44,44,G,L,41443,maple.P0066,FAUX
G44,1,,W856,base.main_partner,10629,G44,44,G,L,41022,base.main_partner,FAUX
G44,1,,W850,maple.P0070,8487,G44,44,G,B,41047,maple.P0070,FAUX
G44,1,,W848,maple.P0070,8487,G44,44,G,L,41047,maple.P0070,FAUX
G44,1,,W847,maple.P0070,8487,G44,44,G,L,41047,maple.P0070,FAUX
G44,1,,W846,maple.P0070,8487,G44,44,G,B,41401,maple.P0070,FAUX
G44,1,,W845,maple.P0070,8487,G44,44,G,L,41047,maple.P0070,FAUX
G44,1,,W842,maple.P0070,8487,G44,44,G,L,41401,maple.P0070,FAUX
G44,1,,W841,maple.P0070,8487,G44,44,G,L,41047,maple.P0070,FAUX
G44,1,,W84,maple.P0084,15348,G44,44,G,L,41039,maple.P0084,FAUX
G44,1,,W836,N/D,13964,G44,44,G,L,41409,N/D,FAUX
G44,1,,W824,N/D,13964,G44,44,G,B,41031,N/D,FAUX
G44,1,,W818,maple.P0070,8487,G44,44,G,L,41401,maple.P0070,FAUX
G44,1,,W817,maple.P0070,8487,G44,44,G,L,41047,maple.P0070,FAUX
G44,1,,W815,maple.P0070,8487,G44,44,G,L,41047,maple.P0070,FAUX
G44,1,,W810,maple.P0084,15348,G44,44,G,L,41039,maple.P0084,FAUX
G44,1,,W7982,base.main_partner,10629,G44,44,G,B,41022,base.main_partner,FAUX
G44,1,,W7965,base.main_partner,10629,G44,44,G,B,41022,base.main_partner,FAUX
G44,1,,W7935,maple.P0097,9331,G44,44,G,L,41037,maple.P0097,FAUX
G44,1,,W7906,maple.P0101,16964,G44,44,G,B,41431,maple.P0101,FAUX
G44,1,,W7883,maple.P0101,16964,G44,44,G,L,41431,maple.P0101,FAUX
G44,1,,W7882,maple.P0097,9331,G44,44,G,L,41037,maple.P0097,FAUX
G44,1,,W7877,maple.P0097,9331,G44,44,G,B,41037,maple.P0097,FAUX
G44,1,,W7875,maple.P0097,9331,G44,44,G,L,41037,maple.P0097,FAUX
G44,1,,W785,maple.P0082,3889,G44,44,G,L,41379,maple.P0082,FAUX
G44,1,,W7838,maple.P0101,16964,G44,44,G,L,41408,maple.P0101,FAUX
G44,1,,W7767,maple.P0097,9331,G44,44,G,B,41037,maple.P0097,FAUX
G44,1,,W7766,maple.P0042,9954,G44,44,G,L,41382,maple.P0042,FAUX
G44,1,,W7748,maple.P0097,9331,G44,44,G,B,41037,maple.P0097,FAUX
G44,1,,W7732,maple.P0101,16964,G44,44,G,L,41053,maple.P0101,FAUX
G44,1,,W7728,maple.P0097,9331,G44,44,G,B,41037,maple.P0097,FAUX
G44,1,,W7719,maple.P0097,9331,G44,44,G,L,41409,maple.P0097,FAUX
G44,1,,W7717,N/D,13964,G44,44,G,B,41031,N/D,FAUX
G44,1,,W7711,maple.P0023,9279,G44,44,G,B,41024,maple.P0023,FAUX
G44,1,,W765,maple.P0082,3889,G44,44,G,B,41026,maple.P0082,FAUX
G44,1,,W7639,base.main_partner,17109,G44,44,G,L,41036,base.main_partner,FAUX
G44,1,,W7638,N/D,13964,G44,44,G,L,41005,N/D,FAUX
G44,1,,W7636,maple.partner_lbmtreat_hq,12066,G44,44,G,L,41043,maple.partner_lbmtreat_hq,FAUX
G44,1,,W762,maple.P0082,3889,G44,44,G,B,41061,maple.P0082,FAUX
G44,1,,W7619,base.main_partner,9279,G44,44,G,L,41024,base.main_partner,FAUX
G44,1,,W7618,base.main_partner,10629,G44,44,G,L,41022,base.main_partner,FAUX
G44,1,,W7617,maple.partner_lbmtreat_hq,12341,G44,44,G,L,41410,maple.partner_lbmtreat_hq,FAUX
G44,1,,W7616,N/D,13964,G44,44,G,L,41031,N/D,FAUX
G44,1,,W7609,maple.P0033,33,G44,44,G,O,41405,maple.P0033,FAUX
G44,1,,W7606,base.main_partner,10629,G44,44,G,L,41022,base.main_partner,FAUX
G44,1,,W7600,base.main_partner,151,G44,44,G,O,41018,base.main_partner,FAUX
G44,1,,W7593,base.main_partner,9279,G44,44,G,L,41024,base.main_partner,FAUX
G44,1,,W7592,base.main_partner,10629,G44,44,G,B,41022,base.main_partner,FAUX
G44,1,,W7589,base.main_partner,10881,G44,44,G,L,41059,base.main_partner,FAUX
G44,1,,W7585,maple.partner_lbmtreat_hq,15668,G44,44,G,L,41015,maple.partner_lbmtreat_hq,FAUX
G44,1,,W7584,maple.partner_lbmtreat_hq,12341,G44,44,G,L,41410,maple.partner_lbmtreat_hq,FAUX
G44,1,,W7581,N/D,13964,G44,44,G,B,41005,N/D,FAUX
G44,1,,W7580,base.main_partner,1075,G44,44,G,L,41415,base.main_partner,FAUX
G44,1,,W758,maple.P0082,3889,G44,44,G,L,41061,maple.P0082,FAUX
G44,1,,W7579,base.main_partner,10629,G44,44,G,L,41022,base.main_partner,FAUX
G44,1,,W7578,base.main_partner,10629,G44,44,G,B,41022,base.main_partner,FAUX
G44,1,,W7577,base.main_partner,1075,G44,44,G,L,41395,base.main_partner,FAUX
G44,1,,W755,maple.P0070,8487,G44,44,G,L,41047,maple.P0070,FAUX
G44,1,,W754,maple.P0070,8487,G44,44,G,B,41047,maple.P0070,FAUX
G44,1,,W748,maple.P0070,8487,G44,44,G,L,41047,maple.P0070,FAUX
G44,1,,W747,maple.P0070,8487,G44,44,G,L,41047,maple.P0070,FAUX
G44,1,,W7466,N/D,13964,G44,44,G,B,41005,N/D,FAUX
G44,1,,W7465,maple.P0150,150,G44,44,G,O,41405,maple.P0150,FAUX
G44,1,,W745,maple.P0070,8487,G44,44,G,L,41047,maple.P0070,FAUX
G44,1,,W743,maple.P0070,8487,G44,44,G,B,41047,maple.P0070,FAUX
G44,1,,W7384,maple.P0134,134,G44,44,G,O,41426,maple.P0134,FAUX
G44,1,,W735,maple.P0070,8487,G44,44,G,L,41047,maple.P0070,FAUX
G44,1,,W733,maple.P0070,8487,G44,44,G,L,41047,maple.P0070,FAUX
G44,1,,W732,maple.P0070,8487,G44,44,G,L,41047,maple.P0070,FAUX
G44,1,,W730,base.main_partner,13934,G44,44,G,B,41031,base.main_partner,FAUX
G44,1,,W728,maple.P0070,8487,G44,44,G,L,41047,maple.P0070,FAUX
G44,1,,W727,maple.P0070,8487,G44,44,G,L,41047,maple.P0070,FAUX
G44,1,,W711,N/D,13964,G44,44,G,B,41031,N/D,FAUX
G44,1,,W709,maple.P0092,11024,G44,44,G,L,41059,maple.P0092,FAUX
G44,1,,W708,maple.P0082,3889,G44,44,G,B,41061,maple.P0082,FAUX
G44,1,,W7063,N/D,12701,G44,44,G,L,41019,N/D,FAUX
G44,1,,W702,N/D,13964,G44,44,G,L,41409,N/D,FAUX
G44,1,,W700,maple.P0070,8487,G44,44,G,L,41047,maple.P0070,FAUX
G44,1,,W699,maple.P0070,8487,G44,44,G,L,41047,maple.P0070,FAUX
G44,1,,W685,maple.P0082,3889,G44,44,G,B,41026,maple.P0082,FAUX
G44,1,,W681,maple.P0070,8487,G44,44,G,B,41047,maple.P0070,FAUX
G44,1,,W679,maple.P0070,8487,G44,44,G,L,41401,maple.P0070,FAUX
G44,1,,W678,maple.P0070,8487,G44,44,G,L,41047,maple.P0070,FAUX
G44,1,,W676,maple.P0070,8487,G44,44,G,L,41401,maple.P0070,FAUX
G44,1,,W675,maple.P0070,8487,G44,44,G,L,41047,maple.P0070,FAUX
G44,1,,W673,maple.P0070,8487,G44,44,G,L,41047,maple.P0070,FAUX
G44,1,,W672,maple.P0070,8487,G44,44,G,L,41047,maple.P0070,FAUX
G44,1,,W661,maple.P0070,8487,G44,44,G,L,41047,maple.P0070,FAUX
G44,1,,W656,N/D,14417,G44,44,G,T,41037,N/D,FAUX
G44,1,,W629,maple.P0082,3889,G44,44,G,L,41061,maple.P0082,FAUX
G44,1,,W621,N/D,13964,G44,44,G,L,41031,N/D,FAUX
G44,1,,W617,maple.P0082,3889,G44,44,G,L,41026,maple.P0082,FAUX
G44,1,,W607,maple.P0082,3889,G44,44,G,L,41061,maple.P0082,FAUX
G44,1,,W593,maple.P0082,3889,G44,44,G,L,41379,maple.P0082,FAUX
G44,1,,W590,maple.P0070,8487,G44,44,G,L,41047,maple.P0070,FAUX
G44,1,,W589,maple.P0070,8487,G44,44,G,L,41401,maple.P0070,FAUX
G44,1,,W588,maple.P0070,8487,G44,44,G,L,41047,maple.P0070,FAUX
G44,1,,W586,maple.P0070,8487,G44,44,G,L,41047,maple.P0070,FAUX
G44,1,,W584,maple.P0070,8487,G44,44,G,L,41047,maple.P0070,FAUX
G44,1,,W583,maple.P0070,8487,G44,44,G,L,41047,maple.P0070,FAUX
G44,1,,W582,maple.P0070,8487,G44,44,G,L,41047,maple.P0070,FAUX
G44,1,,W581,maple.P0070,8487,G44,44,G,L,41047,maple.P0070,FAUX
G44,1,,W578,maple.P0070,8487,G44,44,G,L,41047,maple.P0070,FAUX
G44,1,,W577,maple.P0070,8487,G44,44,G,B,41401,maple.P0070,FAUX
G44,1,,W569,N/D,13964,G44,44,G,L,41031,N/D,FAUX
G44,1,,W562,N/D,13964,G44,44,G,L,41409,N/D,FAUX
G44,1,,W559,N/D,13964,G44,44,G,L,41031,N/D,FAUX
G44,1,,W5544,maple.P0084,15348,G44,44,G,L,41039,maple.P0084,FAUX
G44,1,,W55,maple.P0084,15348,G44,44,G,B,41417,maple.P0084,FAUX
G44,1,,W547,maple.P0070,8487,G44,44,G,L,41047,maple.P0070,FAUX
G44,1,,W545,maple.P0070,8487,G44,44,G,L,41047,maple.P0070,FAUX
G44,1,,W536,maple.P0070,8487,G44,44,G,L,41401,maple.P0070,FAUX
G44,1,,W535,maple.P0070,8487,G44,44,G,L,41047,maple.P0070,FAUX
G44,1,,W534,maple.P0070,8487,G44,44,G,B,41047,maple.P0070,FAUX
G44,1,,W533,maple.P0070,8487,G44,44,G,L,41401,maple.P0070,FAUX
G44,1,,W532,maple.P0070,8487,G44,44,G,L,41047,maple.P0070,FAUX
G44,1,,W531,maple.P0070,8487,G44,44,G,L,41047,maple.P0070,FAUX
G44,1,,W530,maple.P0070,8487,G44,44,G,L,41047,maple.P0070,FAUX
G44,1,,W529,maple.P0070,8487,G44,44,G,L,41401,maple.P0070,FAUX
G44,1,,W527,maple.P0070,8487,G44,44,G,B,41047,maple.P0070,FAUX
G44,1,,W518,maple.P0070,8487,G44,44,G,L,41047,maple.P0070,FAUX
G44,1,,W517,maple.P0070,8487,G44,44,G,L,41047,maple.P0070,FAUX
G44,1,,W515,maple.P0070,8487,G44,44,G,L,41047,maple.P0070,FAUX
G44,1,,W513,maple.P0070,8487,G44,44,G,L,41047,maple.P0070,FAUX
G44,1,,W512,maple.P0070,8487,G44,44,G,L,41380,maple.P0070,FAUX
G44,1,,W511,maple.P0070,8487,G44,44,G,B,41047,maple.P0070,FAUX
G44,1,,W510,maple.P0070,8487,G44,44,G,L,41047,maple.P0070,FAUX
G44,1,,W508,maple.P0070,8487,G44,44,G,L,41047,maple.P0070,FAUX
G44,1,,W507,maple.P0070,8487,G44,44,G,L,41047,maple.P0070,FAUX
G44,1,,W506,maple.P0070,8487,G44,44,G,L,41047,maple.P0070,FAUX
G44,1,,W503,maple.P0070,8487,G44,44,G,L,41047,maple.P0070,FAUX
G44,1,,W502,maple.P0070,8487,G44,44,G,L,41047,maple.P0070,FAUX
G44,1,,W501,maple.P0070,8487,G44,44,G,L,41047,maple.P0070,FAUX
G44,1,,W47,maple.P0092,11024,G44,44,G,B,41059,maple.P0092,FAUX
G44,1,,W41,maple.P0084,15348,G44,44,G,B,41039,maple.P0084,FAUX
G44,1,,W239,maple.P0084,15348,G44,44,G,B,41039,maple.P0084,FAUX
G44,1,,W235,maple.P0066,4064,G44,44,G,B,41444,maple.P0066,FAUX
G44,1,,W230,maple.P0084,15348,G44,44,G,B,41039,maple.P0084,FAUX
G44,1,,W2000,maple.partner_lbmtreat_hq,16111,G44,44,G,O,41432,maple.partner_lbmtreat_hq,FAUX
G44,1,,W2,maple.P0084,15348,G44,44,G,L,41039,maple.P0084,FAUX
G44,1,,W1998,maple.P0014,18899,G44,44,G,L,41052,maple.P0014,FAUX
G44,1,,W1994,maple.P0014,18899,G44,44,G,L,41052,maple.P0014,FAUX
G44,1,,W1991,maple.P0022,12725,G44,44,G,L,41009,maple.P0022,FAUX
G44,1,,W1985,maple.P0014,18899,G44,44,G,L,41052,maple.P0014,FAUX
G44,1,,W1984,N/D,13964,G44,44,G,L,41031,N/D,FAUX
G44,1,,W1968,base.main_partner,1075,G44,44,G,L,41395,base.main_partner,FAUX
G44,1,,W1960,maple.partner_lbmtreat_hq,12341,G44,44,G,L,41410,maple.partner_lbmtreat_hq,FAUX
G44,1,,W1950,base.main_partner,10629,G44,44,G,L,41022,base.main_partner,FAUX
G44,1,,W1946,base.main_partner,10629,G44,44,G,B,41022,base.main_partner,FAUX
G44,1,,W1940,base.main_partner,10629,G44,44,G,L,41022,base.main_partner,FAUX
G44,1,,W1938,maple.P0014,18899,G44,44,G,O,41052,maple.P0014,FAUX
G44,1,,W1935,base.main_partner,9279,G44,44,G,L,41024,base.main_partner,FAUX
G44,1,,W1932,base.main_partner,13934,G44,44,G,L,41031,base.main_partner,FAUX
G44,1,,W1912,base.main_partner,13934,G44,44,G,L,41031,base.main_partner,FAUX
G44,1,,W1898,maple.P0151,151,G44,44,G,O,41365,maple.P0151,FAUX
G44,1,,W1883,base.main_partner,151,G44,44,G,O,41018,base.main_partner,FAUX
G44,1,,W1827,maple.P0066,4064,G44,44,G,L,41066,maple.P0066,FAUX
G44,1,,W1783,maple.partner_lbmtreat_hq,5070,G44,44,G,L,41052,maple.partner_lbmtreat_hq,FAUX
G44,1,,W1753,maple.P0151,151,G44,44,G,O,41398,maple.P0151,FAUX
G44,1,,W1751,maple.P0023,9279,G44,44,G,L,41024,maple.P0023,FAUX
G44,1,,W1748,base.main_partner,1075,G44,44,G,T,41395,base.main_partner,FAUX
G44,1,,W1743,maple.P0022,12725,G44,44,G,L,41381,maple.P0022,FAUX
G44,1,,W1715,base.main_partner,1075,G44,44,G,L,41395,base.main_partner,FAUX
G44,1,,W1697,maple.partner_lbmtreat_hq,15668,G44,44,G,L,41015,maple.partner_lbmtreat_hq,FAUX
G44,1,,W1656,maple.P0022,12725,G44,44,G,L,41009,maple.P0022,FAUX
G44,1,,W1652,base.main_partner,10629,G44,44,G,L,41022,base.main_partner,FAUX
G44,1,,W16474,maple.P0097,9331,G44,44,G,L,41409,maple.P0097,FAUX
G44,1,,W16458,maple.P0097,9331,G44,44,G,L,41037,maple.P0097,FAUX
G44,1,,W16427,maple.P0066,4064,G44,44,G,L,41443,maple.P0066,FAUX
G44,1,,W16414,maple.P0115,18837,G44,44,G,L,41380,maple.P0115,FAUX
G44,1,,w16387,maple.P0151,151,G44,44,G,O,41365,maple.P0151,FAUX
G44,1,,W16328,maple.P0101,16964,G44,44,G,L,41053,maple.P0101,FAUX
G44,1,,W1632,N/D,1092,G44,44,G,L,41043,N/D,FAUX
G44,1,,W16279,maple.P0115,18837,G44,44,G,L,41031,maple.P0115,FAUX
G44,1,,W1617,maple.P0023,9279,G44,44,G,B,41024,maple.P0023,FAUX
G44,1,,W16063,maple.P0115,18837,G44,44,G,L,41380,maple.P0115,FAUX
G44,1,,W16049,maple.P0101,16964,G44,44,G,L,41053,maple.P0101,FAUX
G44,1,,W16017,maple.P0115,18837,G44,44,G,B,41380,maple.P0115,FAUX
G44,1,,W1588,maple.P0022,12725,G44,44,G,L,41009,maple.P0022,FAUX
G44,1,,W15875,maple.P0101,16964,G44,44,G,L,41431,maple.P0101,FAUX
G44,1,,W1579,maple.P0023,9279,G44,44,G,B,41024,maple.P0023,FAUX
G44,1,,W15767,maple.P0101,16964,G44,44,G,L,41431,maple.P0101,FAUX
G44,1,,W15763,maple.P0101,16964,G44,44,G,L,41431,maple.P0101,FAUX
G44,1,,W15696,maple.P0055,14302,G44,44,G,L,41394,maple.P0055,FAUX
G44,1,,W15688,maple.P0101,16964,G44,44,G,L,41051,maple.P0101,FAUX
G44,1,,W15647,base.main_partner,151,G44,44,G,O,41018,base.main_partner,FAUX
G44,1,,W15638,maple.P0061,1075,G44,44,G,B,41395,maple.P0061,FAUX
G44,1,,W15636,maple.partner_lbmtreat_hq,12341,G44,44,G,L,41410,maple.partner_lbmtreat_hq,FAUX
G44,1,,W15635,base.main_partner,9279,G44,44,G,B,41024,base.main_partner,FAUX
G44,1,,W15634,base.main_partner,10629,G44,44,G,L,41022,base.main_partner,FAUX
G44,1,,W15630,maple.P0107,4077,G44,44,G,L,41362,maple.P0107,FAUX
G44,1,,W15626,base.main_partner,1075,G44,44,G,L,41415,base.main_partner,FAUX
G44,1,,W15618,maple.partner_lbmtreat_hq,11024,G44,44,G,B,41061,maple.partner_lbmtreat_hq,FAUX
G44,1,,W15616,maple.P0101,16964,G44,44,G,L,41053,maple.P0101,FAUX
G44,1,,W15608,maple.P0055,14302,G44,44,G,L,41394,maple.P0055,FAUX
G44,1,,W15599,maple.P0101,16964,G44,44,G,L,41408,maple.P0101,FAUX
P44,1,,W15597,maple.P0101,16964,P44,44,P,B,41408,maple.P0101,FAUX
G44,1,,W15537,maple.P0101,16964,G44,44,G,L,41053,maple.P0101,FAUX
G44,1,,W15500,base.main_partner,10629,G44,44,G,L,41022,base.main_partner,FAUX
G44,1,,W1547,N/D,13964,G44,44,G,L,41031,N/D,FAUX
G44,1,,W15467,maple.P0055,14302,G44,44,G,L,41047,maple.P0055,FAUX
G44,1,,W15464,maple.P0101,16964,G44,44,G,L,41051,maple.P0101,FAUX
G44,1,,W15463,maple.P0101,16964,G44,44,G,L,41053,maple.P0101,FAUX
G44,1,,W15461,maple.P0101,16964,G44,44,G,L,41408,maple.P0101,FAUX
G44,1,,W15460,maple.P0101,16964,G44,44,G,L,41053,maple.P0101,FAUX
G44,1,,W15447,maple.P0101,16964,G44,44,G,B,41053,maple.P0101,FAUX
G44,1,,W15438,maple.P0101,16964,G44,44,G,L,41053,maple.P0101,FAUX
G44,1,,W15436,maple.P0101,16964,G44,44,G,L,41408,maple.P0101,FAUX
G44,1,,W15424,maple.P0055,14302,G44,44,G,L,41047,maple.P0055,FAUX
G44,1,,W1542,maple.P0082,3889,G44,44,G,L,41061,maple.P0082,FAUX
G44,1,,W1541,N/D,13964,G44,44,G,L,41031,N/D,FAUX
G44,1,,W1539,N/D,13964,G44,44,G,L,41031,N/D,FAUX
G44,1,,W1538,N/D,13964,G44,44,G,L,41409,N/D,FAUX
G44,1,,W1537,N/D,13964,G44,44,G,L,41031,N/D,FAUX
G44,1,,W1536,maple.P0082,3889,G44,44,G,L,41026,maple.P0082,FAUX
G44,1,,W15348,maple.P0101,16964,G44,44,G,T,41053,maple.P0101,FAUX
G44,1,,W15347,maple.P0101,16964,G44,44,G,L,41408,maple.P0101,FAUX
G44,1,,W15338,base.main_partner,13934,G44,44,G,L,41031,base.main_partner,FAUX
G44,1,,W15322,base.main_partner,9954,G44,44,G,L,41023,base.main_partner,FAUX
G44,1,,W15319,maple.partner_lbmtreat_hq,12960,G44,44,G,L,41029,maple.partner_lbmtreat_hq,FAUX
G44,1,,W15312,base.main_partner,10881,G44,44,G,L,41059,base.main_partner,FAUX
G44,1,,W15292,base.main_partner,10629,G44,44,G,L,41375,base.main_partner,FAUX
G44,1,,W15290,base.main_partner,10629,G44,44,G,L,41022,base.main_partner,FAUX
G44,1,,W15284,base.main_partner,17109,G44,44,G,B,41036,base.main_partner,FAUX
G44,1,,W15282,maple.partner_lbmtreat_hq,12066,G44,44,G,B,41043,maple.partner_lbmtreat_hq,FAUX
G44,1,,W15280,base.main_partner,10881,G44,44,G,T,41059,base.main_partner,FAUX
G44,1,,W1528,maple.P0082,3889,G44,44,G,B,41061,maple.P0082,FAUX
G44,1,,W1527,maple.P0082,3889,G44,44,G,L,41061,maple.P0082,FAUX
G44,1,,W15213,base.main_partner,16871,G44,44,G,L,41036,base.main_partner,FAUX
G44,1,,W15197,maple.P0101,16964,G44,44,G,L,41408,maple.P0101,FAUX
G44,1,,W1516,N/D,13964,G44,44,G,L,41031,N/D,FAUX
G44,1,,W15157,maple.partner_lbmtreat_hq,12341,G44,44,G,L,41410,maple.partner_lbmtreat_hq,FAUX
G44,1,,W1515,maple.P0082,3889,G44,44,G,L,41061,maple.P0082,FAUX
G44,1,,W15136,maple.P0101,16964,G44,44,G,L,41053,maple.P0101,FAUX
G44,1,,W15133,maple.P0101,16964,G44,44,G,L,41408,maple.P0101,FAUX
G44,1,,W15118,maple.partner_lbmtreat_hq,15668,G44,44,G,B,41015,maple.partner_lbmtreat_hq,FAUX
G44,1,,W15116,base.main_partner,151,G44,44,G,O,41018,base.main_partner,FAUX
G44,1,,W15112,maple.partner_lbmtreat_hq,15668,G44,44,G,L,41015,maple.partner_lbmtreat_hq,FAUX
G44,1,,W15111,maple.P0031,19326,G44,44,G,L,41403,maple.P0031,FAUX
G44,1,,W15108,maple.P0104,9291,G44,44,G,L,41403,maple.P0104,FAUX
G44,1,,W15084,maple.P0101,16964,G44,44,G,B,41053,maple.P0101,FAUX
G44,1,,W15081,maple.P0101,16964,G44,44,G,L,41053,maple.P0101,FAUX
G44,1,,W15080,maple.P0101,16964,G44,44,G,L,41053,maple.P0101,FAUX
G44,1,,W1507,N/D,13964,G44,44,G,L,41409,N/D,FAUX
G44,1,,W15064,maple.P0097,9331,G44,44,G,L,41409,maple.P0097,FAUX
G44,1,,W1506,N/D,13964,G44,44,G,L,41409,N/D,FAUX
G44,1,,W15059,maple.P0097,9331,G44,44,G,L,41037,maple.P0097,FAUX
G44,1,,W15057,maple.P0097,9331,G44,44,G,B,41037,maple.P0097,FAUX
G44,1,,W15053,maple.P0097,9331,G44,44,G,B,41037,maple.P0097,FAUX
G44,1,,W15052,maple.P0042,9954,G44,44,G,B,41023,maple.P0042,FAUX
G44,1,,W1505,N/D,13964,G44,44,G,L,41031,N/D,FAUX
G44,1,,W15035,maple.P0101,16964,G44,44,G,L,41051,maple.P0101,FAUX
G44,1,,W1503,maple.P0082,3889,G44,44,G,L,41026,maple.P0082,FAUX
G44,1,,W15021,maple.P0097,9331,G44,44,G,L,41037,maple.P0097,FAUX
G44,1,,W1502,N/D,13964,G44,44,G,L,41031,N/D,FAUX
G44,1,,W15019,maple.P0097,9331,G44,44,G,L,41409,maple.P0097,FAUX
G44,1,,W15018,maple.P0097,9331,G44,44,G,L,41409,maple.P0097,FAUX
G44,1,,W15011,maple.P0097,9331,G44,44,G,L,41037,maple.P0097,FAUX
G44,1,,W15006,base.main_partner,150,G44,44,G,O,41003,base.main_partner,FAUX
G44,1,,W1495,maple.P0066,4064,G44,44,G,L,41066,maple.P0066,FAUX
G44,1,,W1461,maple.P0082,3889,G44,44,G,L,41439,maple.P0082,FAUX
G44,1,,W1451,maple.P0066,4064,G44,44,G,T,41067,maple.P0066,FAUX
G44,1,,W1439,base.main_partner,13934,G44,44,G,L,41031,base.main_partner,FAUX
G44,1,,W1410,maple.P0082,3889,G44,44,G,L,41061,maple.P0082,FAUX
G44,1,,W1408,maple.P0092,11024,G44,44,G,L,41059,maple.P0092,FAUX
G44,1,,W1403,N/D,13964,G44,44,G,L,41409,N/D,FAUX
G44,1,,W1402,maple.P0082,3889,G44,44,G,L,41061,maple.P0082,FAUX
G44,1,,W1396,maple.P0092,11024,G44,44,G,L,41017,maple.P0092,FAUX
G44,1,,W1395,N/D,13964,G44,44,G,B,41031,N/D,FAUX
G44,1,,W1394,N/D,13964,G44,44,G,L,41031,N/D,FAUX
G44,1,,W1388,N/D,13964,G44,44,G,B,41031,N/D,FAUX
G44,1,,W1385,maple.P0092,11024,G44,44,G,L,41017,maple.P0092,FAUX
G44,1,,W1381,maple.P0092,11024,G44,44,G,L,41017,maple.P0092,FAUX
G44,1,,W1377,base.main_partner,10629,G44,44,G,L,41022,base.main_partner,FAUX
G44,1,,W1373,N/D,13964,G44,44,G,L,41031,N/D,FAUX
G44,1,,W1354,base.main_partner,13934,G44,44,G,L,41031,base.main_partner,FAUX
G44,1,,W1352,N/D,13964,G44,44,G,L,41031,N/D,FAUX
G44,1,,W1351,maple.P0092,11024,G44,44,G,L,41017,maple.P0092,FAUX
G44,1,,W1341,N/D,13964,G44,44,G,L,41031,N/D,FAUX
G44,1,,W1327,N/D,13964,G44,44,G,L,41031,N/D,FAUX
G44,1,,W1325,maple.P0132,15359,G44,44,G,L,41417,maple.P0132,FAUX
G44,1,,W1317,N/D,13964,G44,44,G,B,41031,N/D,FAUX
G44,1,,W1315,maple.P0066,4064,G44,44,G,L,41068,maple.P0066,FAUX
G44,1,,W1301,maple.P0092,11024,G44,44,G,B,41059,maple.P0092,FAUX
G44,1,,W1296,N/D,13964,G44,44,G,L,41005,N/D,FAUX
G44,1,,W1292,N/D,13964,G44,44,G,L,41031,N/D,FAUX
G44,1,,W1291,N/D,13964,G44,44,G,L,41409,N/D,FAUX
G44,1,,W1287,maple.P0082,3889,G44,44,G,L,41379,maple.P0082,FAUX
G44,1,,W1253,N/D,13964,G44,44,G,L,41031,N/D,FAUX
G44,1,,W1252,N/D,13964,G44,44,G,L,41031,N/D,FAUX
G44,1,,W1249,maple.P0065,12707,G44,44,G,B,41029,maple.P0065,FAUX
G44,1,,W1180,maple.partner_lbmtreat_hq,12066,G44,44,G,L,41043,maple.partner_lbmtreat_hq,FAUX
G44,1,,W1173,maple.P0014,18899,G44,44,G,L,41416,maple.P0014,FAUX
G44,1,,W1171,base.main_partner,10629,G44,44,G,L,41374,base.main_partner,FAUX
G39,1,,W11708,maple.P0115,18837,G39,39,G,L,41380,maple.P0115,FAUX
G44,1,,W1169,maple.P0014,18899,G44,44,G,L,41416,maple.P0014,FAUX
G44,1,,W1164,maple.P0014,18899,G44,44,G,B,41052,maple.P0014,FAUX
G44,1,,W1157,maple.P0082,3889,G44,44,G,L,41061,maple.P0082,FAUX
G44,1,,W1151,maple.P0082,3889,G44,44,G,P,41061,maple.P0082,FAUX
G44,1,,W1149,N/D,13964,G44,44,G,B,41031,N/D,FAUX
G44,1,,W1126,maple.P0092,11024,G44,44,G,B,41061,maple.P0092,FAUX
G44,1,,W1125,N/D,13964,G44,44,G,L,41031,N/D,FAUX
G44,1,,W1114,maple.partner_lbmtreat_hq,12066,G44,44,G,L,41043,maple.partner_lbmtreat_hq,FAUX
G44,1,,W1113,base.main_partner,13934,G44,44,G,L,41031,base.main_partner,FAUX
G44,1,,W1110,N/D,13964,G44,44,G,L,41031,N/D,FAUX
G44,1,,W1105,base.main_partner,10629,G44,44,G,L,41362,base.main_partner,FAUX
G44,1,,W1104,base.main_partner,16871,G44,44,G,L,41036,base.main_partner,FAUX
G44,1,,W1103,maple.P0082,3889,G44,44,G,L,41061,maple.P0082,FAUX
G44,1,,W1101,maple.P0082,3889,G44,44,G,B,41061,maple.P0082,FAUX
G44,1,,W1098,N/D,13964,G44,44,G,L,41031,N/D,FAUX
G44,1,,W1095,N/D,13964,G44,44,G,L,41005,N/D,FAUX
G44,1,,W1094,N/D,13964,G44,44,G,L,41031,N/D,FAUX
G44,1,,W1093,maple.P0082,3889,G44,44,G,B,41026,maple.P0082,FAUX
G44,1,,W1090,base.main_partner,17109,G44,44,G,B,41036,base.main_partner,FAUX
G44,1,,W1082,N/D,13964,G44,44,G,L,41031,N/D,FAUX
G44,1,,W1081,N/D,13964,G44,44,G,L,41031,N/D,FAUX
G44,1,,W1074,maple.P0092,11024,G44,44,G,B,41017,maple.P0092,FAUX
G44,1,,W1067,maple.P0092,11024,G44,44,G,B,41017,maple.P0092,FAUX
G44,1,,W1063,maple.P0137,15668,G44,44,G,L,41015,maple.P0137,FAUX
G44,1,,W106,maple.P0092,11024,G44,44,G,L,41017,maple.P0092,FAUX
G44,1,,W1057,maple.P0092,11024,G44,44,G,B,41017,maple.P0092,FAUX
G44,1,,W1047,maple.P0014,18899,G44,44,G,L,41052,maple.P0014,FAUX
G44,1,,W10152,maple.P0042,9954,G44,44,G,L,41382,maple.P0042,FAUX
G48,1,,W10126,maple.P0053,7953,G48,48,G,L,41012,maple.P0053,FAUX
G42,1,,V6071,maple.P0137,15668,G42,42,G,L,41015,maple.P0137,FAUX
G42,1,,V5994,maple.P0137,15668,G42,42,G,L,41360,maple.P0137,FAUX
G42,1,,V5904,maple.P0137,15668,G42,42,G,L,41380,maple.P0137,FAUX
G42,1,,V5879,maple.P0137,15668,G42,42,G,L,41015,maple.P0137,FAUX
G42,1,,V5875,maple.P0137,15668,G42,42,G,B,41003,maple.P0137,FAUX
G42,1,,V5853,maple.P0137,15668,G42,42,G,L,41015,maple.P0137,FAUX
G42,1,,V5787,maple.P0035,18715,G42,42,G,L,41380,maple.P0035,FAUX
G42,1,,V5744,maple.P0137,15668,G42,42,G,B,41061,maple.P0137,FAUX
G42,1,,V5735,maple.P0137,15668,G42,42,G,B,41061,maple.P0137,FAUX
G42,1,,V5730,maple.P0137,15668,G42,42,G,L,41015,maple.P0137,FAUX
G42,1,,V5700,maple.P0137,15668,G42,42,G,L,41373,maple.P0137,FAUX
G42,1,,V5655,maple.P0035,18715,G42,42,G,B,41367,maple.P0035,FAUX
G42,1,,V5627,maple.P0137,15668,G42,42,G,B,41061,maple.P0137,FAUX
G42,1,,V5541,maple.P0137,15668,G42,42,G,L,41015,maple.P0137,FAUX
G42,1,,V5515,maple.P0137,15668,G42,42,G,B,41015,maple.P0137,FAUX
G42,1,,V5513,maple.P0137,15668,G42,42,G,B,41015,maple.P0137,FAUX
G42,1,,V5496,maple.P0137,15668,G42,42,G,L,41015,maple.P0137,FAUX
G42,1,,V5492,maple.P0035,18715,G42,42,G,L,41029,maple.P0035,FAUX
G42,1,,V5491,maple.P0137,15668,G42,42,G,B,41003,maple.P0137,FAUX
G42,1,,V5490,maple.P0137,15668,G42,42,G,L,41015,maple.P0137,FAUX
G42,1,,V5441,maple.P0035,18715,G42,42,G,B,41003,maple.P0035,FAUX
G42,1,,V5418,maple.P0137,15668,G42,42,G,B,41003,maple.P0137,FAUX
G42,1,,V5359,maple.P0137,15668,G42,42,G,L,41015,maple.P0137,FAUX
G42,1,,V5330,maple.P0137,15668,G42,42,G,L,41380,maple.P0137,FAUX
G42,1,,V5312,maple.P0035,18715,G42,42,G,L,41029,maple.P0035,FAUX
G42,1,,V5288,maple.P0137,15668,G42,42,G,L,41367,maple.P0137,FAUX
G42,1,,V5284,maple.P0035,18715,G42,42,G,L,41380,maple.P0035,FAUX
G42,1,,V5213,maple.P0137,15668,G42,42,G,L,41015,maple.P0137,FAUX
G42,1,,V5200,maple.P0137,15668,G42,42,G,B,41061,maple.P0137,FAUX
G42,1,,V5155,maple.P0035,18715,G42,42,G,B,41029,maple.P0035,FAUX
G42,1,,V5145,maple.P0137,15668,G42,42,G,B,41061,maple.P0137,FAUX
G42,1,,V5139,maple.P0137,15668,G42,42,G,L,41373,maple.P0137,FAUX
G42,1,,V5134,maple.P0137,15668,G42,42,G,L,41061,maple.P0137,FAUX
G42,1,,V5111,maple.P0137,15668,G42,42,G,B,41015,maple.P0137,FAUX
G42,1,,V5072,maple.P0137,15668,G42,42,G,B,41015,maple.P0137,FAUX
G42,1,,V5022,maple.P0137,15668,G42,42,G,L,41380,maple.P0137,FAUX
U53,1,,SSI70,maple.P0013,13,U53,53,U,O,41405,maple.P0013,FAUX
U53,1,,SSI43,maple.P0013,13,U53,53,U,O,41405,maple.P0013,FAUX
U45,1,,SSI39,maple.P0013,13,U45,45,U,O,41405,maple.P0013,FAUX
U53,1,,SSI29,maple.P0013,13,U53,53,U,O,41405,maple.P0013,FAUX
U36,1,,SSI2681,maple.P0013,13,U36,36,U,O,41405,maple.P0013,FAUX
U36,1,,SSI2679,maple.P0013,13,U36,36,U,O,41405,maple.P0013,FAUX
U39,1,,SSI2677,maple.P0013,13,U39,39,U,O,41405,maple.P0013,FAUX
U37,1,,SSI2676,maple.P0013,13,U37,37,U,O,41405,maple.P0013,FAUX
U37,1,,SSI2674,maple.P0013,13,U37,37,U,O,41405,maple.P0013,FAUX
U40,1,,SSI2672,maple.P0013,13,U40,40,U,O,41405,maple.P0013,FAUX
U36,1,,SSI2671,maple.P0013,13,U36,36,U,O,41405,maple.P0013,FAUX
U41,1,,SSI2670,maple.P0013,13,U41,41,U,O,41405,maple.P0013,FAUX
U37,1,,SSI2661,maple.P0013,13,U37,37,U,O,41405,maple.P0013,FAUX
U39,1,,SSI2660,maple.P0013,13,U39,39,U,O,41405,maple.P0013,FAUX
U39,1,,SSI2659,maple.P0013,13,U39,39,U,O,41405,maple.P0013,FAUX
U35,1,,SSI2657,maple.P0013,13,U35,35,U,O,41405,maple.P0013,FAUX
U35,1,,SSI2656,maple.P0013,13,U35,35,U,O,41405,maple.P0013,FAUX
U36,1,,SSI2645,maple.P0013,13,U36,36,U,O,41405,maple.P0013,FAUX
U39,1,,SSI2642,maple.P0013,13,U39,39,U,O,41405,maple.P0013,FAUX
U36,1,,SSI2630,maple.P0013,13,U36,36,U,O,41405,maple.P0013,FAUX
U37,1,,SSI2627,maple.P0013,13,U37,37,U,O,41405,maple.P0013,FAUX
U42,1,,SSI2626,maple.P0013,13,U42,42,U,O,41405,maple.P0013,FAUX
U42,1,,SSI2604,maple.P0013,13,U42,42,U,O,41405,maple.P0013,FAUX
U41,1,,SSI2603,maple.P0013,13,U41,41,U,O,41405,maple.P0013,FAUX
U36,1,,SSI2600,maple.P0013,13,U36,36,U,O,41405,maple.P0013,FAUX
U42,1,,SSI2589,maple.P0013,13,U42,42,U,O,41405,maple.P0013,FAUX
U41,1,,SSI2580,maple.P0013,13,U41,41,U,O,41405,maple.P0013,FAUX
U41,1,,SSI2577,maple.P0013,13,U41,41,U,O,41405,maple.P0013,FAUX
U37,1,,SSI2556,maple.P0013,13,U37,37,U,O,41405,maple.P0013,FAUX
U37,1,,SSI2549,maple.P0013,13,U37,37,U,O,41405,maple.P0013,FAUX
U40,1,,SSI2548,maple.P0013,13,U40,40,U,O,41405,maple.P0013,FAUX
U38,1,,SSI2515,maple.P0013,13,U38,38,U,O,41405,maple.P0013,FAUX
U37,1,,SSI2476,maple.P0013,13,U37,37,U,O,41405,maple.P0013,FAUX
U39,1,,SSI2465,maple.P0013,13,U39,39,U,O,41405,maple.P0013,FAUX
U38,1,,SSI2462,maple.P0013,13,U38,38,U,O,41405,maple.P0013,FAUX
U37,1,,SSI2461,maple.P0013,13,U37,37,U,O,41405,maple.P0013,FAUX
U41,1,,SSI2454,maple.P0013,13,U41,41,U,O,41405,maple.P0013,FAUX
U41,1,,SSI2314,maple.P0013,13,U41,41,U,O,41405,maple.P0013,FAUX
U39,1,,SSI2299,maple.P0013,13,U39,39,U,O,41405,maple.P0013,FAUX
U37,1,,SSI2258,maple.P0013,13,U37,37,U,O,41405,maple.P0013,FAUX
U40,1,,SSI224,maple.P0013,13,U40,40,U,O,41405,maple.P0013,FAUX
U40,1,,SSI2208,maple.P0013,13,U40,40,U,O,41405,maple.P0013,FAUX
U34,1,,SSI2141,maple.P0013,13,U34,34,U,O,41405,maple.P0013,FAUX
U38,1,,SSI2126,maple.P0013,13,U38,38,U,O,41405,maple.P0013,FAUX
U46,1,,SSI2122,maple.P0013,13,U46,46,U,O,41405,maple.P0013,FAUX
U47,1,,SSI2097,maple.P0013,13,U47,47,U,O,41405,maple.P0013,FAUX
U53,1,,SSI2013,maple.P0013,13,U53,53,U,O,41405,maple.P0013,FAUX
U40,1,,SSI1996,maple.P0013,13,U40,40,U,O,41405,maple.P0013,FAUX
U37,1,,SSI1992,maple.P0013,13,U37,37,U,O,41405,maple.P0013,FAUX
U45,1,,SSI1991,maple.P0013,13,U45,45,U,O,41405,maple.P0013,FAUX
U40,1,,SSI1778,maple.P0013,13,U40,40,U,O,41405,maple.P0013,FAUX
U36,1,,SSI1754,maple.P0013,13,U36,36,U,O,41405,maple.P0013,FAUX
U41,1,,SSI1747,maple.P0013,13,U41,41,U,O,41405,maple.P0013,FAUX
U37,1,,SSI1724,maple.P0013,13,U37,37,U,O,41405,maple.P0013,FAUX
U43,1,,SSI1723,maple.P0013,13,U43,43,U,O,41405,maple.P0013,FAUX
U38,1,,SSI169,maple.P0013,13,U38,38,U,O,41405,maple.P0013,FAUX
U37,1,,SSI167,maple.P0013,13,U37,37,U,O,41405,maple.P0013,FAUX
U36,1,,SSI1661,maple.P0013,13,U36,36,U,O,41405,maple.P0013,FAUX
U46,1,,SSI158,maple.P0013,13,U46,46,U,O,41405,maple.P0013,FAUX
U40,1,,SSI1576,maple.P0013,13,U40,40,U,O,41405,maple.P0013,FAUX
U40,1,,SSI1542,maple.P0013,13,U40,40,U,O,41405,maple.P0013,FAUX
U41,1,,SSI154,maple.P0013,13,U41,41,U,O,41405,maple.P0013,FAUX
U44,1,,SSI1527,maple.P0013,13,U44,44,U,O,41405,maple.P0013,FAUX
U53,1,,SSI152,maple.P0013,13,U53,53,U,O,41405,maple.P0013,FAUX
U36,1,,SSI1497,maple.P0013,13,U36,36,U,O,41405,maple.P0013,FAUX
U46,1,,SSI1357,maple.P0013,13,U46,46,U,O,41405,maple.P0013,FAUX
U38,1,,SSI1343,maple.P0013,13,U38,38,U,O,41405,maple.P0013,FAUX
U53,1,,SSI132,maple.P0013,13,U53,53,U,O,41405,maple.P0013,FAUX
U38,1,,SSI127,maple.P0013,13,U38,38,U,O,41405,maple.P0013,FAUX
U35,1,,SSI1264,maple.P0013,13,U35,35,U,O,41405,maple.P0013,FAUX
U44,1,,SSI1184,maple.P0013,13,U44,44,U,O,41405,maple.P0013,FAUX
U37,1,,SSI1155,maple.P0013,13,U37,37,U,O,41405,maple.P0013,FAUX
U41,1,,SSI1132,maple.P0013,13,U41,41,U,O,41405,maple.P0013,FAUX
U36,1,,SSI1116,maple.P0013,13,U36,36,U,O,41405,maple.P0013,FAUX
U40,1,,SSI1090,maple.P0013,13,U40,40,U,O,41405,maple.P0013,FAUX
U53,1,,SSI108,maple.P0013,13,U53,53,U,O,41405,maple.P0013,FAUX
U53,1,,SSI102,maple.P0013,13,U53,53,U,O,41405,maple.P0013,FAUX
U38,1,,SSI1009,maple.P0013,13,U38,38,U,O,41405,maple.P0013,FAUX
U43,1,,SSI063,maple.P0013,13,U43,43,U,O,41405,maple.P0013,FAUX
U45,1,,SE9999,base.main_partner,162,U45,45,U,O,41426,base.main_partner,FAUX
U42,1,,SE2687,base.main_partner,162,U42,42,U,O,41372,base.main_partner,FAUX
U36,1,,SE2686,base.main_partner,162,U36,36,U,O,41365,base.main_partner,FAUX
U37,1,,SE2683,base.main_partner,162,U37,37,U,O,41365,base.main_partner,FAUX
U42,1,,SE2675,base.main_partner,162,U42,42,U,O,41365,base.main_partner,FAUX
U36,1,,SE2667,base.main_partner,162,U36,36,U,O,41365,base.main_partner,FAUX
U36,1,,SE2666,base.main_partner,13,U36,36,U,O,41003,base.main_partner,FAUX
U40,1,,SE2665,base.main_partner,162,U40,40,U,O,41426,base.main_partner,FAUX
U43,1,,SE2655,base.main_partner,162,U43,43,U,O,41365,base.main_partner,FAUX
U38,1,,SE2654,base.main_partner,162,U38,38,U,O,41426,base.main_partner,FAUX
U35,1,,SE2652,base.main_partner,13,U35,35,U,O,41003,base.main_partner,FAUX
U40,1,,SE2650,base.main_partner,162,U40,40,U,O,41365,base.main_partner,FAUX
U36,1,,SE2643,base.main_partner,162,U36,36,U,O,41365,base.main_partner,FAUX
U37,1,,SE2639,base.main_partner,162,U37,37,U,O,41372,base.main_partner,FAUX
U38,1,,SE2638,base.main_partner,13,U38,38,U,O,41003,base.main_partner,FAUX
U42,1,,SE2628,base.main_partner,13,U42,42,U,O,41003,base.main_partner,FAUX
U40,1,,SE2615,base.main_partner,162,U40,40,U,O,41372,base.main_partner,FAUX
U43,1,,SE2596,base.main_partner,162,U43,43,U,O,41426,base.main_partner,FAUX
U42,1,,SE2592,base.main_partner,162,U42,42,U,O,41426,base.main_partner,FAUX
U48,1,,SE2591,base.main_partner,162,U48,48,U,O,41426,base.main_partner,FAUX
U38,1,,SE2582,base.main_partner,162,U38,38,U,O,41380,base.main_partner,FAUX
U41,1,,SE2581,base.main_partner,162,U41,41,U,O,41380,base.main_partner,FAUX
U42,1,,SE2572,base.main_partner,162,U42,42,U,O,41380,base.main_partner,FAUX
U36,1,,SE2568,base.main_partner,162,U36,36,U,O,41372,base.main_partner,FAUX
U42,1,,SE2553,base.main_partner,162,U42,42,U,O,41372,base.main_partner,FAUX
U38,1,,SE2546,base.main_partner,13,U38,38,U,O,41003,base.main_partner,FAUX
U40,1,,SE2545,base.main_partner,162,U40,40,U,O,41426,base.main_partner,FAUX
U41,1,,SE2542,base.main_partner,13,U41,41,U,O,41003,base.main_partner,FAUX
U42,1,,SE2529,base.main_partner,162,U42,42,U,O,41426,base.main_partner,FAUX
U40,1,,SE2520,base.main_partner,162,U40,40,U,O,41426,base.main_partner,FAUX
U34,1,,SE2517,base.main_partner,32,U34,34,U,O,41003,base.main_partner,FAUX
U36,1,,SE2516,base.main_partner,13,U36,36,U,O,41003,base.main_partner,FAUX
U41,1,,SE2507,base.main_partner,13,U41,41,U,O,41003,base.main_partner,FAUX
U37,1,,SE2502,base.main_partner,13,U37,37,U,O,41003,base.main_partner,FAUX
U36,1,,SE2495,base.main_partner,162,U36,36,U,O,41426,base.main_partner,FAUX
U41,1,,SE2490,base.main_partner,162,U41,41,U,O,41426,base.main_partner,FAUX
U36,1,,SE2486,base.main_partner,13,U36,36,U,O,41003,base.main_partner,FAUX
U42,1,,SE2485,base.main_partner,13,U42,42,U,O,41003,base.main_partner,FAUX
U41,1,,SE2484,base.main_partner,162,U41,41,U,O,41426,base.main_partner,FAUX
U37,1,,SE2479,base.main_partner,13,U37,37,U,O,41003,base.main_partner,FAUX
U35,1,,SE2473,base.main_partner,162,U35,35,U,O,41380,base.main_partner,FAUX
U36,1,,SE2471,base.main_partner,162,U36,36,U,O,41426,base.main_partner,FAUX
U37,1,,SE2468,base.main_partner,13,U37,37,U,O,41003,base.main_partner,FAUX
U40,1,,SE2467,base.main_partner,162,U40,40,U,O,41426,base.main_partner,FAUX
U35,1,,SE2460,maple.P0013,13,U35,35,U,O,41405,maple.P0013,FAUX
U40,1,,SE2457,base.main_partner,13,U40,40,U,O,41003,base.main_partner,FAUX
U39,1,,SE2445,base.main_partner,162,U39,39,U,O,41380,base.main_partner,FAUX
U40,1,,SE2429,base.main_partner,13,U40,40,U,O,41003,base.main_partner,FAUX
U38,1,,SE2400,base.main_partner,162,U38,38,U,O,41365,base.main_partner,FAUX
U38,1,,SE2387,base.main_partner,13,U38,38,U,O,41003,base.main_partner,FAUX
U41,1,,SE2380,base.main_partner,162,U41,41,U,O,41426,base.main_partner,FAUX
U39,1,,SE2374,base.main_partner,162,U39,39,U,O,41380,base.main_partner,FAUX
U38,1,,SE2370,base.main_partner,13,U38,38,U,O,41003,base.main_partner,FAUX
U37,1,,SE2353,base.main_partner,162,U37,37,U,O,41380,base.main_partner,FAUX
U39,1,,SE2344,base.main_partner,162,U39,39,U,O,41426,base.main_partner,FAUX
U39,1,,SE2340,base.main_partner,162,U39,39,U,O,41426,base.main_partner,FAUX
U37,1,,SE2324,base.main_partner,13,U37,37,U,O,41003,base.main_partner,FAUX
U40,1,,SE2322,base.main_partner,13,U40,40,U,O,41003,base.main_partner,FAUX
U41,1,,SE2316,base.main_partner,13,U41,41,U,O,41003,base.main_partner,FAUX
U43,1,,SE2313,base.main_partner,162,U43,43,U,O,41365,base.main_partner,FAUX
U35,1,,SE2312,base.main_partner,162,U35,35,U,O,41380,base.main_partner,FAUX
U47,1,,SE2306,base.main_partner,149,U47,47,U,O,41029,base.main_partner,FAUX
U42,1,,SE2286,base.main_partner,162,U42,42,U,O,41426,base.main_partner,FAUX
U41,1,,SE2284,base.main_partner,162,U41,41,U,O,41365,base.main_partner,FAUX
U38,1,,SE2282,base.main_partner,13,U38,38,U,O,41003,base.main_partner,FAUX
U38,1,,SE2280,base.main_partner,13,U38,38,U,O,41003,base.main_partner,FAUX
U48,1,,SE2273,base.main_partner,162,U48,48,U,O,41426,base.main_partner,FAUX
U45,1,,SE2272,base.main_partner,13,U45,45,U,O,41003,base.main_partner,FAUX
U46,1,,SE2268,base.main_partner,162,U46,46,U,O,41426,base.main_partner,FAUX
U37,1,,SE2266,base.main_partner,162,U37,37,U,O,41426,base.main_partner,FAUX
U41,1,,SE2261,base.main_partner,162,U41,41,U,O,41380,base.main_partner,FAUX
U45,1,,SE2247,base.main_partner,162,U45,45,U,O,41426,base.main_partner,FAUX
U45,1,,SE2240,base.main_partner,162,U45,45,U,O,41426,base.main_partner,FAUX
U39,1,,SE2238,base.main_partner,162,U39,39,U,O,41426,base.main_partner,FAUX
U39,1,,SE2196,base.main_partner,13,U39,39,U,O,41003,base.main_partner,FAUX
U40,1,,SE2168,base.main_partner,162,U40,40,U,O,41380,base.main_partner,FAUX
U38,1,,SE2164,base.main_partner,162,U38,38,U,O,41426,base.main_partner,FAUX
U46,1,,SE2153,base.main_partner,13,U46,46,U,O,41003,base.main_partner,FAUX
U39,1,,SE2151,base.main_partner,162,U39,39,U,O,41372,base.main_partner,FAUX
U37,1,,SE2148,base.main_partner,162,U37,37,U,O,41426,base.main_partner,FAUX
U47,1,,SE2146,base.main_partner,162,U47,47,U,O,41380,base.main_partner,FAUX
U38,1,,SE2142,base.main_partner,162,U38,38,U,O,41365,base.main_partner,FAUX
U39,1,,SE2130,base.main_partner,162,U39,39,U,O,41426,base.main_partner,FAUX
U35,1,,SE2125,base.main_partner,13,U35,35,U,O,41003,base.main_partner,FAUX
U38,1,,SE2121,base.main_partner,162,U38,38,U,O,41365,base.main_partner,FAUX
U39,1,,SE2116,base.main_partner,13,U39,39,U,O,41003,base.main_partner,FAUX
U35,1,,SE2111,base.main_partner,13,U35,35,U,O,41003,base.main_partner,FAUX
U38,1,,SE2083,base.main_partner,162,U38,38,U,O,41380,base.main_partner,FAUX
U36,1,,SE2070,base.main_partner,162,U36,36,U,O,41372,base.main_partner,FAUX
U40,1,,SE2056,base.main_partner,162,U40,40,U,O,41426,base.main_partner,FAUX
U40,1,,SE2049,base.main_partner,13,U40,40,U,O,41003,base.main_partner,FAUX
U38,1,,SE2046,base.main_partner,13,U38,38,U,O,41003,base.main_partner,FAUX
U37,1,,SE2042,base.main_partner,13,U37,37,U,O,41003,base.main_partner,FAUX
U39,1,,SE2041,base.main_partner,13,U39,39,U,O,41003,base.main_partner,FAUX
U39,1,,SE2038,base.main_partner,162,U39,39,U,O,41365,base.main_partner,FAUX
U44,1,,SE2032,base.main_partner,13,U44,44,U,O,41003,base.main_partner,FAUX
U37,1,,SE2029,base.main_partner,162,U37,37,U,O,41380,base.main_partner,FAUX
U37,1,,SE2021,base.main_partner,162,U37,37,U,O,41380,base.main_partner,FAUX
U35,1,,SE2020,base.main_partner,162,U35,35,U,O,41372,base.main_partner,FAUX
U43,1,,SE2018,base.main_partner,162,U43,43,U,O,41426,base.main_partner,FAUX
U41,1,,SE2013,base.main_partner,162,U41,41,U,O,41426,base.main_partner,FAUX
U37,1,,SE2011,base.main_partner,162,U37,37,U,O,41426,base.main_partner,FAUX
U40,1,,SE1997,base.main_partner,162,U40,40,U,O,41365,base.main_partner,FAUX
U38,1,,SE1989,base.main_partner,13,U38,38,U,O,41003,base.main_partner,FAUX
U44,1,,SE1987,base.main_partner,162,U44,44,U,O,41372,base.main_partner,FAUX
U42,1,,SE1983,base.main_partner,162,U42,42,U,O,41426,base.main_partner,FAUX
U39,1,,SE1975,base.main_partner,13,U39,39,U,O,41003,base.main_partner,FAUX
U35,1,,SE1973,base.main_partner,162,U35,35,U,O,41426,base.main_partner,FAUX
U38,1,,SE1972,base.main_partner,162,U38,38,U,O,41372,base.main_partner,FAUX
U38,1,,SE1967,base.main_partner,162,U38,38,U,O,41426,base.main_partner,FAUX
U40,1,,SE1962,base.main_partner,13,U40,40,U,O,41003,base.main_partner,FAUX
U38,1,,SE1955,base.main_partner,13,U38,38,U,O,41003,base.main_partner,FAUX
U40,1,,SE1954,base.main_partner,13,U40,40,U,O,41003,base.main_partner,FAUX
U37,1,,SE1949,base.main_partner,162,U37,37,U,O,41380,base.main_partner,FAUX
U38,1,,SE1946,base.main_partner,162,U38,38,U,O,41380,base.main_partner,FAUX
U35,1,,SE1945,base.main_partner,13,U35,35,U,O,41003,base.main_partner,FAUX
U40,1,,SE1935,base.main_partner,32,U40,40,U,O,41003,base.main_partner,FAUX
U41,1,,SE1924,base.main_partner,13,U41,41,U,O,41003,base.main_partner,FAUX
U45,1,,SE1923,base.main_partner,13,U45,45,U,O,41003,base.main_partner,FAUX
U38,1,,SE1921,base.main_partner,13,U38,38,U,O,41003,base.main_partner,FAUX
U40,1,,SE1919,base.main_partner,13,U40,40,U,O,41003,base.main_partner,FAUX
U40,1,,SE1910,base.main_partner,13,U40,40,U,O,41003,base.main_partner,FAUX
U40,1,,SE1900,base.main_partner,32,U40,40,U,O,41003,base.main_partner,FAUX
U42,1,,SE1890,base.main_partner,162,U42,42,U,O,41426,base.main_partner,FAUX
U40,1,,SE1889,base.main_partner,13,U40,40,U,O,41003,base.main_partner,FAUX
U43,1,,SE1879,base.main_partner,162,U43,43,U,O,41426,base.main_partner,FAUX
U40,1,,SE1875,base.main_partner,162,U40,40,U,O,41380,base.main_partner,FAUX
U44,1,,SE1862,base.main_partner,162,U44,44,U,O,41426,base.main_partner,FAUX
U38,1,,SE1859,base.main_partner,13,U38,38,U,O,41003,base.main_partner,FAUX
U44,1,,SE1855,base.main_partner,162,U44,44,U,O,41365,base.main_partner,FAUX
U43,1,,SE1828,base.main_partner,162,U43,43,U,O,41426,base.main_partner,FAUX
U36,1,,SE1826,base.main_partner,162,U36,36,U,O,41426,base.main_partner,FAUX
U39,1,,SE1825,base.main_partner,13,U39,39,U,O,41003,base.main_partner,FAUX
U40,1,,SE1823,base.main_partner,162,U40,40,U,O,41380,base.main_partner,FAUX
U37,1,,SE1817,base.main_partner,162,U37,37,U,O,41365,base.main_partner,FAUX
U37,1,,SE1816,base.main_partner,162,U37,37,U,O,41426,base.main_partner,FAUX
U38,1,,SE1813,base.main_partner,162,U38,38,U,O,41426,base.main_partner,FAUX
U36,1,,SE1811,base.main_partner,13,U36,36,U,O,41003,base.main_partner,FAUX
U41,1,,SE1808,base.main_partner,162,U41,41,U,O,41372,base.main_partner,FAUX
U47,1,,SE1800,base.main_partner,13,U47,47,U,O,41003,base.main_partner,FAUX
U38,1,,SE1799,base.main_partner,32,U38,38,U,O,41003,base.main_partner,FAUX
U38,1,,SE1787,base.main_partner,13,U38,38,U,O,41003,base.main_partner,FAUX
U40,1,,SE1780,base.main_partner,32,U40,40,U,O,41003,base.main_partner,FAUX
U36,1,,SE1779,base.main_partner,13,U36,36,U,O,41003,base.main_partner,FAUX
U38,1,,SE1776,base.main_partner,13,U38,38,U,O,41003,base.main_partner,FAUX
U41,1,,SE1769,base.main_partner,13,U41,41,U,O,41003,base.main_partner,FAUX
U37,1,,SE1768,base.main_partner,13,U37,37,U,O,41003,base.main_partner,FAUX
U39,1,,SE1749,base.main_partner,149,U39,39,U,O,41029,base.main_partner,FAUX
U39,1,,SE1746,base.main_partner,162,U39,39,U,O,41380,base.main_partner,FAUX
U44,1,,SE1738,base.main_partner,13,U44,44,U,O,41003,base.main_partner,FAUX
U41,1,,SE1734,base.main_partner,162,U41,41,U,O,41365,base.main_partner,FAUX
U48,1,,SE1733,base.main_partner,162,U48,48,U,O,41426,base.main_partner,FAUX
U38,1,,SE1732,base.main_partner,162,U38,38,U,O,41426,base.main_partner,FAUX
U45,1,,SE1731,base.main_partner,13,U45,45,U,O,41003,base.main_partner,FAUX
U44,1,,SE1717,base.main_partner,162,U44,44,U,O,41426,base.main_partner,FAUX
U40,1,,SE1715,base.main_partner,13,U40,40,U,O,41003,base.main_partner,FAUX
U40,1,,SE1698,base.main_partner,162,U40,40,U,O,41365,base.main_partner,FAUX
U37,1,,SE1697,base.main_partner,162,U37,37,U,O,41365,base.main_partner,FAUX
U40,1,,SE1695,base.main_partner,162,U40,40,U,O,41365,base.main_partner,FAUX
U40,1,,SE1693,base.main_partner,162,U40,40,U,O,41365,base.main_partner,FAUX
U44,1,,SE1691,base.main_partner,162,U44,44,U,O,41380,base.main_partner,FAUX
U40,1,,SE1689,base.main_partner,162,U40,40,U,O,41380,base.main_partner,FAUX
U33,1,,SE1688,base.main_partner,13,U33,33,U,O,41003,base.main_partner,FAUX
U40,1,,SE1681,base.main_partner,162,U40,40,U,O,41380,base.main_partner,FAUX
U36,1,,SE1674,base.main_partner,13,U36,36,U,O,41003,base.main_partner,FAUX
U38,1,,SE1670,base.main_partner,162,U38,38,U,O,41365,base.main_partner,FAUX
U41,1,,SE1666,base.main_partner,162,U41,41,U,O,41426,base.main_partner,FAUX
U41,1,,SE1651,base.main_partner,162,U41,41,U,O,41426,base.main_partner,FAUX
U41,1,,SE1649,base.main_partner,162,U41,41,U,O,41380,base.main_partner,FAUX
U44,1,,SE1633,base.main_partner,13,U44,44,U,O,41003,base.main_partner,FAUX
U38,1,,SE1612,base.main_partner,13,U38,38,U,O,41003,base.main_partner,FAUX
U35,1,,SE1600,base.main_partner,162,U35,35,U,O,41426,base.main_partner,FAUX
U42,1,,SE1581,base.main_partner,162,U42,42,U,O,41365,base.main_partner,FAUX
U40,1,,SE1578,base.main_partner,162,U40,40,U,O,41426,base.main_partner,FAUX
U38,1,,SE1575,base.main_partner,162,U38,38,U,O,41365,base.main_partner,FAUX
U41,1,,SE1554,base.main_partner,12382,U41,41,U,L,41051,base.main_partner,FAUX
U38,1,,SE1552,base.main_partner,12382,U38,38,U,L,41051,base.main_partner,FAUX
U43,1,,SE1551,base.main_partner,162,U43,43,U,O,41372,base.main_partner,FAUX
U35,1,,SE1539,base.main_partner,162,U35,35,U,O,41365,base.main_partner,FAUX
U39,1,,SE1536,base.main_partner,162,U39,39,U,O,41426,base.main_partner,FAUX
U41,1,,SE1534,base.main_partner,162,U41,41,U,O,41426,base.main_partner,FAUX
U38,1,,SE1531,base.main_partner,162,U38,38,U,O,41365,base.main_partner,FAUX
U38,1,,SE1509,base.main_partner,162,U38,38,U,O,41380,base.main_partner,FAUX
U53,1,,SE149,base.main_partner,162,U53,53,U,O,41380,base.main_partner,FAUX
U37,1,,SE1484,base.main_partner,162,U37,37,U,O,41426,base.main_partner,FAUX
U51,1,,SE1481,base.main_partner,162,U51,51,U,O,41380,base.main_partner,FAUX
U39,1,,SE1471,base.main_partner,162,U39,39,U,O,41426,base.main_partner,FAUX
U36,1,,SE1459,base.main_partner,162,U36,36,U,O,41426,base.main_partner,FAUX
U39,1,,SE1452,base.main_partner,162,U39,39,U,O,41380,base.main_partner,FAUX
U37,1,,SE1451,base.main_partner,162,U37,37,U,O,41380,base.main_partner,FAUX
U36,1,,SE1449,base.main_partner,162,U36,36,U,O,41372,base.main_partner,FAUX
U39,1,,SE1429,base.main_partner,162,U39,39,U,O,41426,base.main_partner,FAUX
U41,1,,SE1428,base.main_partner,13,U41,41,U,O,41003,base.main_partner,FAUX
U36,1,,SE1427,base.main_partner,162,U36,36,U,O,41426,base.main_partner,FAUX
U37,1,,SE1426,base.main_partner,162,U37,37,U,O,41426,base.main_partner,FAUX
U41,1,,SE1420,base.main_partner,162,U41,41,U,O,41365,base.main_partner,FAUX
U40,1,,SE1419,base.main_partner,13,U40,40,U,O,41003,base.main_partner,FAUX
U43,1,,SE1418,base.main_partner,162,U43,43,U,O,41426,base.main_partner,FAUX
U41,1,,SE1413,base.main_partner,162,U41,41,U,O,41426,base.main_partner,FAUX
U36,1,,SE1409,base.main_partner,13,U36,36,U,O,41003,base.main_partner,FAUX
U41,1,,SE1400,base.main_partner,10881,U41,41,U,L,41415,base.main_partner,FAUX
U36,1,,SE1397,base.main_partner,162,U36,36,U,O,41365,base.main_partner,FAUX
U42,1,,SE1396,base.main_partner,10881,U42,42,U,L,41415,base.main_partner,FAUX
U41,1,,SE1387,base.main_partner,10881,U41,41,U,L,41415,base.main_partner,FAUX
U38,1,,SE1368,base.main_partner,162,U38,38,U,O,41365,base.main_partner,FAUX
U40,1,,SE1350,base.main_partner,162,U40,40,U,O,41380,base.main_partner,FAUX
U46,1,,SE1333,base.main_partner,162,U46,46,U,O,41365,base.main_partner,FAUX
U41,1,,SE1322,base.main_partner,162,U41,41,U,O,41365,base.main_partner,FAUX
U40,1,,SE1302,base.main_partner,162,U40,40,U,O,41426,base.main_partner,FAUX
U37,1,,SE1288,base.main_partner,32,U37,37,U,O,41003,base.main_partner,FAUX
U39,1,,SE1286,base.main_partner,13,U39,39,U,O,41003,base.main_partner,FAUX
U44,1,,SE1281,base.main_partner,162,U44,44,U,O,41372,base.main_partner,FAUX
U39,1,,SE1279,base.main_partner,162,U39,39,U,O,41426,base.main_partner,FAUX
U38,1,,SE1277,base.main_partner,162,U38,38,U,O,41426,base.main_partner,FAUX
U40,1,,SE1268,base.main_partner,162,U40,40,U,O,41426,base.main_partner,FAUX
U45,1,,SE1267,base.main_partner,162,U45,45,U,O,41426,base.main_partner,FAUX
U44,1,,SE1253,base.main_partner,149,U44,44,U,O,41029,base.main_partner,FAUX
U41,1,,SE1250,base.main_partner,162,U41,41,U,O,41426,base.main_partner,FAUX
U45,1,,SE1239,base.main_partner,162,U45,45,U,O,41426,base.main_partner,FAUX
U39,1,,SE1233,base.main_partner,32,U39,39,U,O,41003,base.main_partner,FAUX
U44,1,,SE1229,base.main_partner,162,U44,44,U,O,41380,base.main_partner,FAUX
U41,1,,SE1207,base.main_partner,162,U41,41,U,O,41372,base.main_partner,FAUX
U42,1,,SE1205,base.main_partner,162,U42,42,U,O,41426,base.main_partner,FAUX
U40,1,,SE1194,base.main_partner,162,U40,40,U,O,41426,base.main_partner,FAUX
U41,1,,SE1188,base.main_partner,149,U41,41,U,O,41029,base.main_partner,FAUX
U42,1,,SE1169,base.main_partner,149,U42,42,U,O,41029,base.main_partner,FAUX
U41,1,,SE1167,base.main_partner,10881,U41,41,U,L,41415,base.main_partner,FAUX
U38,1,,SE1164,base.main_partner,13,U38,38,U,O,41003,base.main_partner,FAUX
U38,1,,SE1161,base.main_partner,13,U38,38,U,O,41003,base.main_partner,FAUX
U40,1,,SE1151,base.main_partner,13,U40,40,U,O,41003,base.main_partner,FAUX
U41,1,,SE1150,base.main_partner,13,U41,41,U,O,41003,base.main_partner,FAUX
U44,1,,SE1148,base.main_partner,162,U44,44,U,O,41380,base.main_partner,FAUX
U41,1,,SE1147,base.main_partner,13,U41,41,U,O,41003,base.main_partner,FAUX
U40,1,,SE1144,base.main_partner,162,U40,40,U,O,41372,base.main_partner,FAUX
U39,1,,SE1142,base.main_partner,162,U39,39,U,O,41372,base.main_partner,FAUX
U39,1,,SE1141,base.main_partner,162,U39,39,U,O,41380,base.main_partner,FAUX
U40,1,,SE1133,base.main_partner,13,U40,40,U,O,41003,base.main_partner,FAUX
U37,1,,SE1130,maple.P0013,13,U37,37,U,O,41405,maple.P0013,FAUX
U32,1,,SE1129,base.main_partner,13,U32,32,U,O,41003,base.main_partner,FAUX
U37,1,,SE1126,base.main_partner,162,U37,37,U,O,41365,base.main_partner,FAUX
U38,1,,SE1123,base.main_partner,13,U38,38,U,O,41003,base.main_partner,FAUX
U39,1,,SE1122,base.main_partner,13,U39,39,U,O,41003,base.main_partner,FAUX
U35,1,,SE1118,base.main_partner,13,U35,35,U,O,41003,base.main_partner,FAUX
U36,1,,SE1110,base.main_partner,162,U36,36,U,O,41380,base.main_partner,FAUX
U40,1,,SE1094,base.main_partner,162,U40,40,U,O,41426,base.main_partner,FAUX
U36,1,,SE1092,base.main_partner,13,U36,36,U,O,41003,base.main_partner,FAUX
U36,1,,SE1091,base.main_partner,13,U36,36,U,O,41003,base.main_partner,FAUX
U38,1,,SE1088,base.main_partner,32,U38,38,U,O,41003,base.main_partner,FAUX
U45,1,,SE1084,base.main_partner,162,U45,45,U,O,41380,base.main_partner,FAUX
U35,1,,SE1076,base.main_partner,13,U35,35,U,O,41003,base.main_partner,FAUX
U41,1,,SE1070,base.main_partner,13,U41,41,U,O,41003,base.main_partner,FAUX
U44,1,,SE1067,base.main_partner,13,U44,44,U,O,41003,base.main_partner,FAUX
U38,1,,SE1064,base.main_partner,13,U38,38,U,O,41003,base.main_partner,FAUX
U38,1,,SE1043,base.main_partner,13,U38,38,U,O,41003,base.main_partner,FAUX
U41,1,,SE1037,base.main_partner,162,U41,41,U,O,41426,base.main_partner,FAUX
U37,1,,SE1032,base.main_partner,13,U37,37,U,O,41003,base.main_partner,FAUX
U36,1,,SE1010,base.main_partner,13,U36,36,U,O,41003,base.main_partner,FAUX
U41,1,,SE1009,base.main_partner,13,U41,41,U,O,41003,base.main_partner,FAUX
U37,1,,SE1008,base.main_partner,162,U37,37,U,O,41426,base.main_partner,FAUX
U39,1,,SE1006,base.main_partner,13,U39,39,U,O,41003,base.main_partner,FAUX
U35,1,,SE0088,base.main_partner,162,U35,35,U,O,41365,base.main_partner,FAUX
U53,1,,SE0087,base.main_partner,162,U53,53,U,O,41365,base.main_partner,FAUX
U53,1,,SE0069,base.main_partner,162,U53,53,U,O,41380,base.main_partner,FAUX
U42,1,,SE004,base.main_partner,10881,U42,42,U,L,41415,base.main_partner,FAUX
U42,1,,SE003,base.main_partner,10881,U42,42,U,L,41415,base.main_partner,FAUX
U42,1,,SE002,base.main_partner,10881,U42,42,U,L,41415,base.main_partner,FAUX
U53,1,,SE0018,base.main_partner,162,U53,53,U,O,41365,base.main_partner,FAUX
U42,1,,SE001,base.main_partner,10881,U42,42,U,L,41415,base.main_partner,FAUX
S48,1,,S50,maple.P0157,16596,S48,48,S,L,41428,maple.P0157,FAUX
S48,1,,S49,maple.P0157,16596,S48,48,S,L,41428,maple.P0157,FAUX
G44,1,,S485,maple.P0101,16964,G44,44,G,B,41051,maple.P0101,FAUX
S48,1,,S48,maple.P0157,16596,S48,48,S,L,41428,maple.P0157,FAUX
S48,1,,S47,maple.P0157,16596,S48,48,S,L,41428,maple.P0157,FAUX
S48,1,,S46,maple.P0157,16596,S48,48,S,L,41428,maple.P0157,FAUX
S48,1,,S45,maple.P0157,16596,S48,48,S,L,41428,maple.P0157,FAUX
S48,1,,S44,maple.P0157,16596,S48,48,S,L,41428,maple.P0157,FAUX
S48,1,,S43,maple.P0157,16596,S48,48,S,L,41428,maple.P0157,FAUX
S48,1,,S42,maple.P0157,16596,S48,48,S,L,41428,maple.P0157,FAUX
S48,1,,S41,maple.P0157,16596,S48,48,S,L,41428,maple.P0157,FAUX
S48,1,,S40,maple.P0157,16596,S48,48,S,L,41428,maple.P0157,FAUX
G45,1,,S391,maple.P0101,16964,G45,45,G,B,41053,maple.P0101,FAUX
S48,1,,S39,maple.P0157,16596,S48,48,S,L,41428,maple.P0157,FAUX
S48,1,,S38,maple.P0157,16596,S48,48,S,L,41428,maple.P0157,FAUX
S48,1,,S37,maple.P0157,16596,S48,48,S,L,41428,maple.P0157,FAUX
S48,1,,S36,maple.P0157,16596,S48,48,S,L,41428,maple.P0157,FAUX
S48,1,,S35,maple.P0157,16596,S48,48,S,L,41428,maple.P0157,FAUX
S48,1,,S34,maple.P0157,16596,S48,48,S,L,41428,maple.P0157,FAUX
S48,1,,S33,maple.P0157,16596,S48,48,S,L,41428,maple.P0157,FAUX
S48,1,,S32,maple.P0157,16596,S48,48,S,L,41428,maple.P0157,FAUX
S48,1,,S31,maple.P0157,16596,S48,48,S,L,41428,maple.P0157,FAUX
S48,1,,S30,maple.P0157,16596,S48,48,S,L,41428,maple.P0157,FAUX
S48,1,,S29,maple.P0157,16596,S48,48,S,L,41428,maple.P0157,FAUX
S48,1,,S28,maple.P0157,16596,S48,48,S,L,41428,maple.P0157,FAUX
G44,1,,S2795,maple.P0061,1075,G44,44,G,B,41415,maple.P0061,FAUX
S48,1,,S27,maple.P0157,16596,S48,48,S,L,41428,maple.P0157,FAUX
S48,1,,S26,maple.P0157,16596,S48,48,S,L,41428,maple.P0157,FAUX
S48,1,,S25,maple.P0157,16596,S48,48,S,L,41428,maple.P0157,FAUX
S48,1,,S24,maple.P0157,16596,S48,48,S,L,41428,maple.P0157,FAUX
S48,1,,S23,maple.P0157,16596,S48,48,S,L,41428,maple.P0157,FAUX
S48,1,,S22,maple.P0157,16596,S48,48,S,L,41428,maple.P0157,FAUX
S48,1,,S21,maple.P0157,16596,S48,48,S,L,41428,maple.P0157,FAUX
S48,1,,S20,maple.P0157,16596,S48,48,S,L,41428,maple.P0157,FAUX
S48,1,,S19,maple.P0157,16596,S48,48,S,L,41428,maple.P0157,FAUX
S48,1,,S18,maple.P0157,16596,S48,48,S,L,41428,maple.P0157,FAUX
S48,1,,S17,maple.P0157,16596,S48,48,S,L,41428,maple.P0157,FAUX
S48,1,,S16,maple.P0157,16596,S48,48,S,L,41428,maple.P0157,FAUX
S48,1,,S15,maple.P0157,16596,S48,48,S,L,41428,maple.P0157,FAUX
S48,1,,S14,maple.P0157,16596,S48,48,S,L,41428,maple.P0157,FAUX
S48,1,,S13,maple.P0157,16596,S48,48,S,L,41428,maple.P0157,FAUX
S48,1,,S12,maple.P0157,16596,S48,48,S,L,41428,maple.P0157,FAUX
S48,1,,S11206,maple.partner_lbmtreat_hq,12960,S48,48,S,O,41029,maple.partner_lbmtreat_hq,FAUX
S48,1,,S11,maple.P0157,16596,S48,48,S,L,41428,maple.P0157,FAUX
S48,1,,S10,maple.P0157,16596,S48,48,S,L,41428,maple.P0157,FAUX
S48,1,,S09,maple.P0157,16596,S48,48,S,L,41428,maple.P0157,FAUX
S48,1,,S08,maple.P0157,16596,S48,48,S,L,41428,maple.P0157,FAUX
S48,1,,S07,maple.P0157,16596,S48,48,S,L,41428,maple.P0157,FAUX
